Workbook

Sheet Содержание
A1: ToolKit Excel. Базовый уровень. Проект
A4: № | B4: Лист | C4: Содержимое / описание
A5: 1 | B5: Содержание
A6: 2 | B6: Задание | C6: Описание кейса и задания
A7: 3 | B7: Личные данные | C7: Информация о действующих абонентах оператора
A8: 4 | B8: Результаты опроса | C8: Результаты опроса целевой аудитории в новом регионе
A9: 5 | B9: Дополнительные данные | C9: Информация о тарифах, дополнительных услугах и вопросы анкеты

Sheet Задание
A1: ToolKit Excel. Базовый уровень. Проект
A4: Описание кейса
A6: Май 2022 года. Сотовый оператор планирует расшириться на новый регион. Вы участвуете в проведении маркетингового исследовния и должны определить, какой тариф будет пользоваться популярностью у абонентов 18-25 лет.
A9: Ваши задачи:
A10: 1. В соседних регионах с похожими соцально-экономическими условиями оператор предлагает для этой целевой аудитории тариф "Онлайн".
A11: Проанализируйте, можно ли продвигать его на тех же уловиях в новом регионе.
A12: 2. Оператор хочет предложить акцию для новых абонентов: пакет из 2 дополнительных услуг будет бесплатным первые два месяца после подключения.
A13: Определите, какие 2 услуги будут наиболее привлекательны для целевой аудитории.
A16: Алгоритм работы
A18: Шаг 1 | B18: Подготовьте личные данные пользователей
B19: 1. Вычислите, сколько в среднем в месяц абоненты звонят и используют интернет. Для удобства указывайте время в минутах, а интернет-трафик - в гигабайтах.
B20: Для упрощения введите предпосылку, что каждый месяц абоненты тратят примерно одинаковое число минут и гигабайт.
B21: Подсказка: для подсчета средних значений для новых абонентов, которые подключились в 2022 году, используйте формулу DATEDIF.
B22: 2. (По желанию) Удалите лишние данные: ненужные для анализа колонки и абонентов не из целевой аудитории (не в возрасте 18-25 лет на 01.05.2022).
B23: 3. Перенесите информацию об абонентской плате с листа "Дополнительная информация".
A25: Шаг 2 | B25: Подготовьте результаты опроса
B26: Очистите данные опроса: удалите дубли, пустые и не до конца заполненные строки и респондентов не из ЦА (не в возрасте 18-25 лет).
A28: Шаг 3 | B28: Оцените, какие параметры тарифа лучше подойдут целевой аудитории
B29: Постройте сводную таблицу, показыващую популярность возможных комбинаций минут и гигабайт среди тех, кто не доволен своим сотовым оператором.
B30: Постройте соответствующий график.
B31: Считайте, что абонент не доволен оператором, ести он не ответил "полностью удовлетворен" или "скорее удовлетворен".
A33: Шаг 4 | B33: Сравните результаты с предпочтениями абонентов из другого региона
B34: 1. Сгруппируйте данные о потраченных минутах и гигабайтах: используйте разделение из опроса.
B35: Для перевода из месяцев в недели считайте, что в 1 месяце 30 дней.
B36: 2. Постройте сводную таблицу и график, как в Шаге 3. Учитывайте только абонентов в возрасте 18-25 лет на 01.05.2022.
A38: Шаг 5 | B38: Оценить готовность платить за тариф
B39: 1. Постройте круговые диаграммы:
B40: а) распределение абонентской платы действующих абонентов;
B41: б) распределение субъективной готовости платить среди респондентов, недовольных своим оператором.
B42: 2. Определите, какой процент потенциальных клиентов в новом регионе готовы платить 330 рублей за тариф Онлайн:
B43: а) посчитайте число респондентов, которым подошёл бы тариф Онлайн.
B44: Это те респонденты, недовольные своим нынешним оператором, которые говорят по телефону меньше 35 минут в неделю и тратят меньше 40 Гб интернета в месяц;
B45: б) посчитайте, сколько из них готовы платить 250-350 рублей за подходящий тариф
A47: Шаг 6 | B47: Выберите, какие доплнительные функции лучше включить в подарочный пакет услуг
B48: Оператор планирует предложить потенциальным абонентам акцию: два месяца бесплатного использования пакета из двух дополнительных услуг.
B49: Чтобы сформировать наиболее привлекательный для ЦА пакет, постройте матрицу и определите, какая пара дополнительных услуг наиболее популярна среди абонентов.
B50: То есть, какие две услуги чаще всего подключены одновременно.

Sheet Личные данные
A1: ToolKit Excel. Базовый уровень. Проект
A2: Дата создания отчета | C2: 44682 | Q2: avg_min | R2: =AVERAGEIFS(Q6:Q1144,S6:S1144,"<=25") -> 202.35341
A3: Начало года | C3: 44562 | Q3: avg_gb | R3: =AVERAGEIFS(R6:R1144,S6:S1144,"<=25") -> 24.192337
A5: ID | B5: Дата рождения | C5: Пол | D5: Код регина | E5: Способ получения номера | F5: Тариф | G5: Дата перехода на тариф | H5: Месяцев использования тарифа с 01/01/2022 (сколько раз была списана абонентская плата) | I5: Секунд потрачено на звонки с 01/01/2022 | J5: Килобайт трафика потрачено с 01/01/2022 | K5: Подписка на онлайн-кинотеатр | L5: Подписка на электронную библиотеку | M5: Подписка на TV | N5: Подписка на онлайн-курсы | O5: Фитнес приложение | P5: Сколько дней пользуются тарифом | Q5: Потребление минут в месяц | R5: Потребление ГБ в месяц | S5: Сколько лет пользователям? | T5: Трата минут в неделю | U5: Категория минут | V5: Категория ГБ
A6: AXOBV991 | B6: 38105 | C6: женский | D6: R51 | E6: присвоение нового номера | F6: Ультра | G6: 44004 | H6: 5 | I6: 99496 | J6: 176000000 | P6: =IF(G6>$C$3,DATEDIF(G6,$C$2,"D"),DATEDIF($C$3,$C$2,"D")) -> 120 | Q6: =I6/60/P6*30 -> 414.56667 | R6: =J6/1024^2/P6*30 -> 41.96167 | S6: =DATEDIF(B6,$C$2,"Y") -> 18 | T6: =(Q6*7)/30 -> 96.732222 | U6: =IF(T6>120,"120+",IF(T6>90,"91-120",IF(T6>60,"61-90",IF(T6>35,"35-60","<35")))) -> 91-120 | V6: =IF(R6>40,"40+ Гб",IF(R6>30,"31-40 Гб",IF(R6>20,"21-30 Гб",IF(R6>10,"10-20 Гб","<10 Гб")))) -> 40+ Гб
A7: YIWQU824 | B7: 38101 | C7: мужской | D7: R51 | E7: присвоение нового номера | F7: Онлайн | G7: 43201 | H7: 5 | I7: 22176 | J7: 136000000 | K7: 1 | N7: 1 | P7: =IF(G7>$C$3,DATEDIF(G7,$C$2,"D"),DATEDIF($C$3,$C$2,"D")) -> 120 | Q7: =I7/60/P7*30 -> 92.4 | R7: =J7/1024^2/P7*30 -> 32.424927 | S7: =DATEDIF(B7,$C$2,"Y") -> 18 | T7: =(Q7*7)/30 -> 21.56 | U7: =IF(T7>120,"120+",IF(T7>90,"91-120",IF(T7>60,"61-90",IF(T7>35,"35-60","<35")))) -> <35 | V7: =IF(R7>40,"40+ Гб",IF(R7>30,"31-40 Гб",IF(R7>20,"21-30 Гб",IF(R7>10,"10-20 Гб","<10 Гб")))) -> 31-40 Гб
A8: TVVXJ702 | B8: 38086 | C8: женский | D8: R51 | E8: присвоение нового номера | F8: Онлайн | G8: 43938 | H8: 5 | I8: 4064 | J8: 152000000 | L8: 1 | N8: 1 | O8: 1 | P8: =IF(G8>$C$3,DATEDIF(G8,$C$2,"D"),DATEDIF($C$3,$C$2,"D")) -> 120 | Q8: =I8/60/P8*30 -> 16.933333 | R8: =J8/1024^2/P8*30 -> 36.239624 | S8: =DATEDIF(B8,$C$2,"Y") -> 18 | T8: =(Q8*7)/30 -> 3.9511111 | U8: =IF(T8>120,"120+",IF(T8>90,"91-120",IF(T8>60,"61-90",IF(T8>35,"35-60","<35")))) -> <35 | V8: =IF(R8>40,"40+ Гб",IF(R8>30,"31-40 Гб",IF(R8>20,"21-30 Гб",IF(R8>10,"10-20 Гб","<10 Гб")))) -> 31-40 Гб
A9: YIZKW418 | B9: 38086 | C9: женский | D9: R51 | E9: перенос существующего номера | F9: Базовый | G9: 43739 | H9: 5 | I9: 30344 | J9: 16000000 | K9: 1 | P9: =IF(G9>$C$3,DATEDIF(G9,$C$2,"D"),DATEDIF($C$3,$C$2,"D")) -> 120 | Q9: =I9/60/P9*30 -> 126.43333 | R9: =J9/1024^2/P9*30 -> 3.8146973 | S9: =DATEDIF(B9,$C$2,"Y") -> 18 | T9: =(Q9*7)/30 -> 29.501111 | U9: =IF(T9>120,"120+",IF(T9>90,"91-120",IF(T9>60,"61-90",IF(T9>35,"35-60","<35")))) -> <35 | V9: =IF(R9>40,"40+ Гб",IF(R9>30,"31-40 Гб",IF(R9>20,"21-30 Гб",IF(R9>10,"10-20 Гб","<10 Гб")))) -> <10 Гб
A10: MXYOM801 | B10: 38082 | C10: мужской | D10: R51 | E10: присвоение нового номера | F10: Онлайн | G10: 44058 | H10: 5 | I10: 6616 | J10: 144000000 | L10: 1 | O10: 1 | P10: =IF(G10>$C$3,DATEDIF(G10,$C$2,"D"),DATEDIF($C$3,$C$2,"D")) -> 120 | Q10: =I10/60/P10*30 -> 27.566667 | R10: =J10/1024^2/P10*30 -> 34.332275 | S10: =DATEDIF(B10,$C$2,"Y") -> 18 | T10: =(Q10*7)/30 -> 6.4322222 | U10: =IF(T10>120,"120+",IF(T10>90,"91-120",IF(T10>60,"61-90",IF(T10>35,"35-60","<35")))) -> <35 | V10: =IF(R10>40,"40+ Гб",IF(R10>30,"31-40 Гб",IF(R10>20,"21-30 Гб",IF(R10>10,"10-20 Гб","<10 Гб")))) -> 31-40 Гб
A11: GVTCR352 | B11: 38081 | C11: женский | D11: R51 | E11: перенос существующего номера | F11: Комфорт | G11: 43439 | H11: 5 | I11: 61756 | J11: 96000000 | P11: =IF(G11>$C$3,DATEDIF(G11,$C$2,"D"),DATEDIF($C$3,$C$2,"D")) -> 120 | Q11: =I11/60/P11*30 -> 257.31667 | R11: =J11/1024^2/P11*30 -> 22.888184 | S11: =DATEDIF(B11,$C$2,"Y") -> 18 | T11: =(Q11*7)/30 -> 60.040556 | U11: =IF(T11>120,"120+",IF(T11>90,"91-120",IF(T11>60,"61-90",IF(T11>35,"35-60","<35")))) -> 61-90 | V11: =IF(R11>40,"40+ Гб",IF(R11>30,"31-40 Гб",IF(R11>20,"21-30 Гб",IF(R11>10,"10-20 Гб","<10 Гб")))) -> 21-30 Гб
A12: LAXMN110 | B12: 38072 | C12: мужской | D12: R51 | E12: присвоение нового номера | F12: Онлайн | G12: 43053 | H12: 5 | I12: 19144 | J12: 152000000 | P12: =IF(G12>$C$3,DATEDIF(G12,$C$2,"D"),DATEDIF($C$3,$C$2,"D")) -> 120 | Q12: =I12/60/P12*30 -> 79.766667 | R12: =J12/1024^2/P12*30 -> 36.239624 | S12: =DATEDIF(B12,$C$2,"Y") -> 18 | T12: =(Q12*7)/30 -> 18.612222 | U12: =IF(T12>120,"120+",IF(T12>90,"91-120",IF(T12>60,"61-90",IF(T12>35,"35-60","<35")))) -> <35 | V12: =IF(R12>40,"40+ Гб",IF(R12>30,"31-40 Гб",IF(R12>20,"21-30 Гб",IF(R12>10,"10-20 Гб","<10 Гб")))) -> 31-40 Гб
A13: PUAAG520 | B13: 38068 | C13: мужской | D13: R51 | E13: присвоение нового номера | F13: Комфорт | G13: 42872 | H13: 5 | I13: 3368 | J13: 100000000 | L13: 1 | O13: 1 | P13: =IF(G13>$C$3,DATEDIF(G13,$C$2,"D"),DATEDIF($C$3,$C$2,"D")) -> 120 | Q13: =I13/60/P13*30 -> 14.033333 | R13: =J13/1024^2/P13*30 -> 23.841858 | S13: =DATEDIF(B13,$C$2,"Y") -> 18 | T13: =(Q13*7)/30 -> 3.2744444 | U13: =IF(T13>120,"120+",IF(T13>90,"91-120",IF(T13>60,"61-90",IF(T13>35,"35-60","<35")))) -> <35 | V13: =IF(R13>40,"40+ Гб",IF(R13>30,"31-40 Гб",IF(R13>20,"21-30 Гб",IF(R13>10,"10-20 Гб","<10 Гб")))) -> 21-30 Гб
A14: FBCVN966 | B14: 38065 | C14: мужской | D14: R51 | E14: перенос существующего номера | F14: Премиум | G14: 44432 | H14: 5 | I14: 113756 | J14: 136000000 | K14: 1 | P14: =IF(G14>$C$3,DATEDIF(G14,$C$2,"D"),DATEDIF($C$3,$C$2,"D")) -> 120 | Q14: =I14/60/P14*30 -> 473.98333 | R14: =J14/1024^2/P14*30 -> 32.424927 | S14: =DATEDIF(B14,$C$2,"Y") -> 18 | T14: =(Q14*7)/30 -> 110.59611 | U14: =IF(T14>120,"120+",IF(T14>90,"91-120",IF(T14>60,"61-90",IF(T14>35,"35-60","<35")))) -> 91-120 | V14: =IF(R14>40,"40+ Гб",IF(R14>30,"31-40 Гб",IF(R14>20,"21-30 Гб",IF(R14>10,"10-20 Гб","<10 Гб")))) -> 31-40 Гб
A15: EMVOF074 | B15: 38059 | C15: мужской | D15: R51 | E15: присвоение нового номера | F15: Премиум | G15: 43641 | H15: 5 | I15: 105680 | J15: 100000000 | P15: =IF(G15>$C$3,DATEDIF(G15,$C$2,"D"),DATEDIF($C$3,$C$2,"D")) -> 120 | Q15: =I15/60/P15*30 -> 440.33333 | R15: =J15/1024^2/P15*30 -> 23.841858 | S15: =DATEDIF(B15,$C$2,"Y") -> 18 | T15: =(Q15*7)/30 -> 102.74444 | U15: =IF(T15>120,"120+",IF(T15>90,"91-120",IF(T15>60,"61-90",IF(T15>35,"35-60","<35")))) -> 91-120 | V15: =IF(R15>40,"40+ Гб",IF(R15>30,"31-40 Гб",IF(R15>20,"21-30 Гб",IF(R15>10,"10-20 Гб","<10 Гб")))) -> 21-30 Гб | X15: Тарифные планы | AC15: Дополнительные услуги
A16: FRRVI702 | B16: 38056 | C16: женский | D16: R51 | E16: перенос существующего номера | F16: Премиум | G16: 43778 | H16: 5 | I16: 20436 | J16: 140000000 | P16: =IF(G16>$C$3,DATEDIF(G16,$C$2,"D"),DATEDIF($C$3,$C$2,"D")) -> 120 | Q16: =I16/60/P16*30 -> 85.15 | R16: =J16/1024^2/P16*30 -> 33.378601 | S16: =DATEDIF(B16,$C$2,"Y") -> 18 | T16: =(Q16*7)/30 -> 19.868333 | U16: =IF(T16>120,"120+",IF(T16>90,"91-120",IF(T16>60,"61-90",IF(T16>35,"35-60","<35")))) -> <35 | V16: =IF(R16>40,"40+ Гб",IF(R16>30,"31-40 Гб",IF(R16>20,"21-30 Гб",IF(R16>10,"10-20 Гб","<10 Гб")))) -> 31-40 Гб | X16: Тариф | Y16: Абонентская плата | Z16: Звонки | AA16: Гб | AC16: Подписка на онлайн-кинотеатр
A17: NRQRT304 | B17: 38049 | C17: мужской | D17: R51 | E17: присвоение нового номера | F17: Онлайн | G17: 44276 | H17: 5 | I17: 2840 | J17: 156000000 | L17: 1 | O17: 1 | P17: =IF(G17>$C$3,DATEDIF(G17,$C$2,"D"),DATEDIF($C$3,$C$2,"D")) -> 120 | Q17: =I17/60/P17*30 -> 11.833333 | R17: =J17/1024^2/P17*30 -> 37.193298 | S17: =DATEDIF(B17,$C$2,"Y") -> 18 | T17: =(Q17*7)/30 -> 2.7611111 | U17: =IF(T17>120,"120+",IF(T17>90,"91-120",IF(T17>60,"61-90",IF(T17>35,"35-60","<35")))) -> <35 | V17: =IF(R17>40,"40+ Гб",IF(R17>30,"31-40 Гб",IF(R17>20,"21-30 Гб",IF(R17>10,"10-20 Гб","<10 Гб")))) -> 31-40 Гб | X17: Ультра | Y17: 770 | Z17: 700 | AA17: 50 | AC17: Подписка на электронную библиотеку
A18: TPTOR701 | B18: 38049 | C18: мужской | D18: R51 | E18: перенос существующего номера | F18: Онлайн | G18: 44358 | H18: 5 | I18: 10328 | J18: 144000000 | L18: 1 | N18: 1 | O18: 1 | P18: =IF(G18>$C$3,DATEDIF(G18,$C$2,"D"),DATEDIF($C$3,$C$2,"D")) -> 120 | Q18: =I18/60/P18*30 -> 43.033333 | R18: =J18/1024^2/P18*30 -> 34.332275 | S18: =DATEDIF(B18,$C$2,"Y") -> 18 | T18: =(Q18*7)/30 -> 10.041111 | U18: =IF(T18>120,"120+",IF(T18>90,"91-120",IF(T18>60,"61-90",IF(T18>35,"35-60","<35")))) -> <35 | V18: =IF(R18>40,"40+ Гб",IF(R18>30,"31-40 Гб",IF(R18>20,"21-30 Гб",IF(R18>10,"10-20 Гб","<10 Гб")))) -> 31-40 Гб | X18: Премиум | Y18: 550 | Z18: 500 | AA18: 35 | AC18: Подписка на TV
A19: RRYYM097 | B19: 38048 | C19: женский | D19: R51 | E19: присвоение нового номера | F19: Онлайн | G19: 44070 | H19: 5 | I19: 20720 | J19: 152000000 | P19: =IF(G19>$C$3,DATEDIF(G19,$C$2,"D"),DATEDIF($C$3,$C$2,"D")) -> 120 | Q19: =I19/60/P19*30 -> 86.333333 | R19: =J19/1024^2/P19*30 -> 36.239624 | S19: =DATEDIF(B19,$C$2,"Y") -> 18 | T19: =(Q19*7)/30 -> 20.144444 | U19: =IF(T19>120,"120+",IF(T19>90,"91-120",IF(T19>60,"61-90",IF(T19>35,"35-60","<35")))) -> <35 | V19: =IF(R19>40,"40+ Гб",IF(R19>30,"31-40 Гб",IF(R19>20,"21-30 Гб",IF(R19>10,"10-20 Гб","<10 Гб")))) -> 31-40 Гб | X19: Комфорт | Y19: 440 | Z19: 400 | AA19: 30 | AC19: Подписка на онлайн-курсы
A20: IGOYU966 | B20: 38046 | C20: мужской | D20: R51 | E20: присвоение нового номера | F20: Комфорт | G20: 43614 | H20: 5 | I20: 90940 | J20: 40000000 | L20: 1 | P20: =IF(G20>$C$3,DATEDIF(G20,$C$2,"D"),DATEDIF($C$3,$C$2,"D")) -> 120 | Q20: =I20/60/P20*30 -> 378.91667 | R20: =J20/1024^2/P20*30 -> 9.5367432 | S20: =DATEDIF(B20,$C$2,"Y") -> 18 | T20: =(Q20*7)/30 -> 88.413889 | U20: =IF(T20>120,"120+",IF(T20>90,"91-120",IF(T20>60,"61-90",IF(T20>35,"35-60","<35")))) -> 61-90 | V20: =IF(R20>40,"40+ Гб",IF(R20>30,"31-40 Гб",IF(R20>20,"21-30 Гб",IF(R20>10,"10-20 Гб","<10 Гб")))) -> <10 Гб | X20: Онлайн | Y20: 330 | Z20: 150 | AA20: 40 | AC20: Фитнес приложение
A21: ZQZTD201 | B21: 38039 | C21: мужской | D21: R51 | E21: присвоение нового номера | F21: Базовый | G21: 43053 | H21: 5 | I21: 30328 | J21: 4000000 | K21: 1 | N21: 1 | P21: =IF(G21>$C$3,DATEDIF(G21,$C$2,"D"),DATEDIF($C$3,$C$2,"D")) -> 120 | Q21: =I21/60/P21*30 -> 126.36667 | R21: =J21/1024^2/P21*30 -> 0.95367432 | S21: =DATEDIF(B21,$C$2,"Y") -> 18 | T21: =(Q21*7)/30 -> 29.485556 | U21: =IF(T21>120,"120+",IF(T21>90,"91-120",IF(T21>60,"61-90",IF(T21>35,"35-60","<35")))) -> <35 | V21: =IF(R21>40,"40+ Гб",IF(R21>30,"31-40 Гб",IF(R21>20,"21-30 Гб",IF(R21>10,"10-20 Гб","<10 Гб")))) -> <10 Гб | X21: Базовый | Y21: 220 | Z21: 200 | AA21: 5
A22: SHJYU629 | B22: 38038 | C22: мужской | D22: R51 | E22: присвоение нового номера | F22: Онлайн | G22: 42768 | H22: 5 | I22: 18848 | J22: 64000000 | N22: 1 | P22: =IF(G22>$C$3,DATEDIF(G22,$C$2,"D"),DATEDIF($C$3,$C$2,"D")) -> 120 | Q22: =I22/60/P22*30 -> 78.533333 | R22: =J22/1024^2/P22*30 -> 15.258789 | S22: =DATEDIF(B22,$C$2,"Y") -> 18 | T22: =(Q22*7)/30 -> 18.324444 | U22: =IF(T22>120,"120+",IF(T22>90,"91-120",IF(T22>60,"61-90",IF(T22>35,"35-60","<35")))) -> <35 | V22: =IF(R22>40,"40+ Гб",IF(R22>30,"31-40 Гб",IF(R22>20,"21-30 Гб",IF(R22>10,"10-20 Гб","<10 Гб")))) -> 10-20 Гб
A23: FVWTK713 | B23: 38036 | C23: женский | D23: R51 | E23: присвоение нового номера | F23: Премиум | G23: 44435 | H23: 5 | I23: 100412 | J23: 72000000 | P23: =IF(G23>$C$3,DATEDIF(G23,$C$2,"D"),DATEDIF($C$3,$C$2,"D")) -> 120 | Q23: =I23/60/P23*30 -> 418.38333 | R23: =J23/1024^2/P23*30 -> 17.166138 | S23: =DATEDIF(B23,$C$2,"Y") -> 18 | T23: =(Q23*7)/30 -> 97.622778 | U23: =IF(T23>120,"120+",IF(T23>90,"91-120",IF(T23>60,"61-90",IF(T23>35,"35-60","<35")))) -> 91-120 | V23: =IF(R23>40,"40+ Гб",IF(R23>30,"31-40 Гб",IF(R23>20,"21-30 Гб",IF(R23>10,"10-20 Гб","<10 Гб")))) -> 10-20 Гб
A24: VUMJS954 | B24: 38033 | C24: женский | D24: R51 | E24: перенос существующего номера | F24: Онлайн | G24: 43568 | H24: 5 | I24: 10184 | J24: 148000000 | P24: =IF(G24>$C$3,DATEDIF(G24,$C$2,"D"),DATEDIF($C$3,$C$2,"D")) -> 120 | Q24: =I24/60/P24*30 -> 42.433333 | R24: =J24/1024^2/P24*30 -> 35.28595 | S24: =DATEDIF(B24,$C$2,"Y") -> 18 | T24: =(Q24*7)/30 -> 9.9011111 | U24: =IF(T24>120,"120+",IF(T24>90,"91-120",IF(T24>60,"61-90",IF(T24>35,"35-60","<35")))) -> <35 | V24: =IF(R24>40,"40+ Гб",IF(R24>30,"31-40 Гб",IF(R24>20,"21-30 Гб",IF(R24>10,"10-20 Гб","<10 Гб")))) -> 31-40 Гб
A25: TGNME740 | B25: 38023 | C25: женский | D25: R51 | E25: перенос существующего номера | F25: Онлайн | G25: 43528 | H25: 5 | I25: 14816 | J25: 156000000 | L25: 1 | O25: 1 | P25: =IF(G25>$C$3,DATEDIF(G25,$C$2,"D"),DATEDIF($C$3,$C$2,"D")) -> 120 | Q25: =I25/60/P25*30 -> 61.733333 | R25: =J25/1024^2/P25*30 -> 37.193298 | S25: =DATEDIF(B25,$C$2,"Y") -> 18 | T25: =(Q25*7)/30 -> 14.404444 | U25: =IF(T25>120,"120+",IF(T25>90,"91-120",IF(T25>60,"61-90",IF(T25>35,"35-60","<35")))) -> <35 | V25: =IF(R25>40,"40+ Гб",IF(R25>30,"31-40 Гб",IF(R25>20,"21-30 Гб",IF(R25>10,"10-20 Гб","<10 Гб")))) -> 31-40 Гб
A26: JSVAN850 | B26: 38020 | C26: женский | D26: R51 | E26: перенос существующего номера | F26: Онлайн | G26: 43825 | H26: 5 | I26: 21444 | J26: 152000000 | L26: 1 | N26: 1 | O26: 1 | P26: =IF(G26>$C$3,DATEDIF(G26,$C$2,"D"),DATEDIF($C$3,$C$2,"D")) -> 120 | Q26: =I26/60/P26*30 -> 89.35 | R26: =J26/1024^2/P26*30 -> 36.239624 | S26: =DATEDIF(B26,$C$2,"Y") -> 18 | T26: =(Q26*7)/30 -> 20.848333 | U26: =IF(T26>120,"120+",IF(T26>90,"91-120",IF(T26>60,"61-90",IF(T26>35,"35-60","<35")))) -> <35 | V26: =IF(R26>40,"40+ Гб",IF(R26>30,"31-40 Гб",IF(R26>20,"21-30 Гб",IF(R26>10,"10-20 Гб","<10 Гб")))) -> 31-40 Гб
A27: SJZLW931 | B27: 38018 | C27: женский | D27: R51 | E27: перенос существующего номера | F27: Онлайн | G27: 43421 | H27: 5 | I27: 14164 | J27: 148000000 | P27: =IF(G27>$C$3,DATEDIF(G27,$C$2,"D"),DATEDIF($C$3,$C$2,"D")) -> 120 | Q27: =I27/60/P27*30 -> 59.016667 | R27: =J27/1024^2/P27*30 -> 35.28595 | S27: =DATEDIF(B27,$C$2,"Y") -> 18 | T27: =(Q27*7)/30 -> 13.770556 | U27: =IF(T27>120,"120+",IF(T27>90,"91-120",IF(T27>60,"61-90",IF(T27>35,"35-60","<35")))) -> <35 | V27: =IF(R27>40,"40+ Гб",IF(R27>30,"31-40 Гб",IF(R27>20,"21-30 Гб",IF(R27>10,"10-20 Гб","<10 Гб")))) -> 31-40 Гб
A28: IPMUO011 | B28: 38015 | C28: женский | D28: R51 | E28: перенос существующего номера | F28: Онлайн | G28: 43511 | H28: 5 | I28: 12040 | J28: 156000000 | K28: 1 | N28: 1 | P28: =IF(G28>$C$3,DATEDIF(G28,$C$2,"D"),DATEDIF($C$3,$C$2,"D")) -> 120 | Q28: =I28/60/P28*30 -> 50.166667 | R28: =J28/1024^2/P28*30 -> 37.193298 | S28: =DATEDIF(B28,$C$2,"Y") -> 18 | T28: =(Q28*7)/30 -> 11.705556 | U28: =IF(T28>120,"120+",IF(T28>90,"91-120",IF(T28>60,"61-90",IF(T28>35,"35-60","<35")))) -> <35 | V28: =IF(R28>40,"40+ Гб",IF(R28>30,"31-40 Гб",IF(R28>20,"21-30 Гб",IF(R28>10,"10-20 Гб","<10 Гб")))) -> 31-40 Гб
A29: PTZQU800 | B29: 38015 | C29: мужской | D29: R51 | E29: перенос существующего номера | F29: Комфорт | G29: 43423 | H29: 5 | I29: 91856 | J29: 100000000 | M29: 1 | P29: =IF(G29>$C$3,DATEDIF(G29,$C$2,"D"),DATEDIF($C$3,$C$2,"D")) -> 120 | Q29: =I29/60/P29*30 -> 382.73333 | R29: =J29/1024^2/P29*30 -> 23.841858 | S29: =DATEDIF(B29,$C$2,"Y") -> 18 | T29: =(Q29*7)/30 -> 89.304444 | U29: =IF(T29>120,"120+",IF(T29>90,"91-120",IF(T29>60,"61-90",IF(T29>35,"35-60","<35")))) -> 61-90 | V29: =IF(R29>40,"40+ Гб",IF(R29>30,"31-40 Гб",IF(R29>20,"21-30 Гб",IF(R29>10,"10-20 Гб","<10 Гб")))) -> 21-30 Гб
A30: PMOYT654 | B30: 38014 | C30: женский | D30: R51 | E30: присвоение нового номера | F30: Онлайн | G30: 43248 | H30: 5 | I30: 10688 | J30: 160000000 | P30: =IF(G30>$C$3,DATEDIF(G30,$C$2,"D"),DATEDIF($C$3,$C$2,"D")) -> 120 | Q30: =I30/60/P30*30 -> 44.533333 | R30: =J30/1024^2/P30*30 -> 38.146973 | S30: =DATEDIF(B30,$C$2,"Y") -> 18 | T30: =(Q30*7)/30 -> 10.391111 | U30: =IF(T30>120,"120+",IF(T30>90,"91-120",IF(T30>60,"61-90",IF(T30>35,"35-60","<35")))) -> <35 | V30: =IF(R30>40,"40+ Гб",IF(R30>30,"31-40 Гб",IF(R30>20,"21-30 Гб",IF(R30>10,"10-20 Гб","<10 Гб")))) -> 31-40 Гб
A31: HDBHD377 | B31: 38008 | C31: мужской | D31: R51 | E31: присвоение нового номера | F31: Комфорт | G31: 44511 | H31: 5 | I31: 18680 | J31: 44000000 | K31: 1 | P31: =IF(G31>$C$3,DATEDIF(G31,$C$2,"D"),DATEDIF($C$3,$C$2,"D")) -> 120 | Q31: =I31/60/P31*30 -> 77.833333 | R31: =J31/1024^2/P31*30 -> 10.490417 | S31: =DATEDIF(B31,$C$2,"Y") -> 18 | T31: =(Q31*7)/30 -> 18.161111 | U31: =IF(T31>120,"120+",IF(T31>90,"91-120",IF(T31>60,"61-90",IF(T31>35,"35-60","<35")))) -> <35 | V31: =IF(R31>40,"40+ Гб",IF(R31>30,"31-40 Гб",IF(R31>20,"21-30 Гб",IF(R31>10,"10-20 Гб","<10 Гб")))) -> 10-20 Гб
A32: FZDJJ453 | B32: 38003 | C32: мужской | D32: R51 | E32: присвоение нового номера | F32: Премиум | G32: 43813 | H32: 5 | I32: 111984 | J32: 136000000 | P32: =IF(G32>$C$3,DATEDIF(G32,$C$2,"D"),DATEDIF($C$3,$C$2,"D")) -> 120 | Q32: =I32/60/P32*30 -> 466.6 | R32: =J32/1024^2/P32*30 -> 32.424927 | S32: =DATEDIF(B32,$C$2,"Y") -> 18 | T32: =(Q32*7)/30 -> 108.87333 | U32: =IF(T32>120,"120+",IF(T32>90,"91-120",IF(T32>60,"61-90",IF(T32>35,"35-60","<35")))) -> 91-120 | V32: =IF(R32>40,"40+ Гб",IF(R32>30,"31-40 Гб",IF(R32>20,"21-30 Гб",IF(R32>10,"10-20 Гб","<10 Гб")))) -> 31-40 Гб
A33: ZMVFL343 | B33: 37999 | C33: женский | D33: R51 | E33: присвоение нового номера | F33: Базовый | G33: 44574 | H33: 3 | I33: 53345 | J33: 10800000 | N33: 1 | O33: 1 | P33: =IF(G33>$C$3,DATEDIF(G33,$C$2,"D"),DATEDIF($C$3,$C$2,"D")) -> 108 | Q33: =I33/60/P33*30 -> 246.96759 | R33: =J33/1024^2/P33*30 -> 2.8610229 | S33: =DATEDIF(B33,$C$2,"Y") -> 18 | T33: =(Q33*7)/30 -> 57.625772 | U33: =IF(T33>120,"120+",IF(T33>90,"91-120",IF(T33>60,"61-90",IF(T33>35,"35-60","<35")))) -> 35-60 | V33: =IF(R33>40,"40+ Гб",IF(R33>30,"31-40 Гб",IF(R33>20,"21-30 Гб",IF(R33>10,"10-20 Гб","<10 Гб")))) -> <10 Гб
A34: RBMKX235 | B34: 37999 | C34: мужской | D34: R51 | E34: перенос существующего номера | F34: Онлайн | G34: 43271 | H34: 5 | I34: 22228 | J34: 140000000 | P34: =IF(G34>$C$3,DATEDIF(G34,$C$2,"D"),DATEDIF($C$3,$C$2,"D")) -> 120 | Q34: =I34/60/P34*30 -> 92.616667 | R34: =J34/1024^2/P34*30 -> 33.378601 | S34: =DATEDIF(B34,$C$2,"Y") -> 18 | T34: =(Q34*7)/30 -> 21.610556 | U34: =IF(T34>120,"120+",IF(T34>90,"91-120",IF(T34>60,"61-90",IF(T34>35,"35-60","<35")))) -> <35 | V34: =IF(R34>40,"40+ Гб",IF(R34>30,"31-40 Гб",IF(R34>20,"21-30 Гб",IF(R34>10,"10-20 Гб","<10 Гб")))) -> 31-40 Гб
A35: NECUE148 | B35: 37997 | C35: женский | D35: R51 | E35: присвоение нового номера | F35: Онлайн | G35: 43408 | H35: 5 | I35: 6036 | J35: 156000000 | L35: 1 | P35: =IF(G35>$C$3,DATEDIF(G35,$C$2,"D"),DATEDIF($C$3,$C$2,"D")) -> 120 | Q35: =I35/60/P35*30 -> 25.15 | R35: =J35/1024^2/P35*30 -> 37.193298 | S35: =DATEDIF(B35,$C$2,"Y") -> 18 | T35: =(Q35*7)/30 -> 5.8683333 | U35: =IF(T35>120,"120+",IF(T35>90,"91-120",IF(T35>60,"61-90",IF(T35>35,"35-60","<35")))) -> <35 | V35: =IF(R35>40,"40+ Гб",IF(R35>30,"31-40 Гб",IF(R35>20,"21-30 Гб",IF(R35>10,"10-20 Гб","<10 Гб")))) -> 31-40 Гб
A36: YTPJR660 | B36: 37995 | C36: мужской | D36: R51 | E36: присвоение нового номера | F36: Базовый | G36: 43511 | H36: 5 | I36: 15656 | J36: 4000000 | P36: =IF(G36>$C$3,DATEDIF(G36,$C$2,"D"),DATEDIF($C$3,$C$2,"D")) -> 120 | Q36: =I36/60/P36*30 -> 65.233333 | R36: =J36/1024^2/P36*30 -> 0.95367432 | S36: =DATEDIF(B36,$C$2,"Y") -> 18 | T36: =(Q36*7)/30 -> 15.221111 | U36: =IF(T36>120,"120+",IF(T36>90,"91-120",IF(T36>60,"61-90",IF(T36>35,"35-60","<35")))) -> <35 | V36: =IF(R36>40,"40+ Гб",IF(R36>30,"31-40 Гб",IF(R36>20,"21-30 Гб",IF(R36>10,"10-20 Гб","<10 Гб")))) -> <10 Гб
A37: URMMH384 | B37: 37990 | C37: женский | D37: R51 | E37: перенос существующего номера | F37: Онлайн | G37: 42835 | H37: 5 | I37: 15632 | J37: 156000000 | L37: 1 | O37: 1 | P37: =IF(G37>$C$3,DATEDIF(G37,$C$2,"D"),DATEDIF($C$3,$C$2,"D")) -> 120 | Q37: =I37/60/P37*30 -> 65.133333 | R37: =J37/1024^2/P37*30 -> 37.193298 | S37: =DATEDIF(B37,$C$2,"Y") -> 18 | T37: =(Q37*7)/30 -> 15.197778 | U37: =IF(T37>120,"120+",IF(T37>90,"91-120",IF(T37>60,"61-90",IF(T37>35,"35-60","<35")))) -> <35 | V37: =IF(R37>40,"40+ Гб",IF(R37>30,"31-40 Гб",IF(R37>20,"21-30 Гб",IF(R37>10,"10-20 Гб","<10 Гб")))) -> 31-40 Гб
A38: QMHJL247 | B38: 37988 | C38: женский | D38: R51 | E38: присвоение нового номера | F38: Онлайн | G38: 43364 | H38: 5 | I38: 12472 | J38: 160000000 | P38: =IF(G38>$C$3,DATEDIF(G38,$C$2,"D"),DATEDIF($C$3,$C$2,"D")) -> 120 | Q38: =I38/60/P38*30 -> 51.966667 | R38: =J38/1024^2/P38*30 -> 38.146973 | S38: =DATEDIF(B38,$C$2,"Y") -> 18 | T38: =(Q38*7)/30 -> 12.125556 | U38: =IF(T38>120,"120+",IF(T38>90,"91-120",IF(T38>60,"61-90",IF(T38>35,"35-60","<35")))) -> <35 | V38: =IF(R38>40,"40+ Гб",IF(R38>30,"31-40 Гб",IF(R38>20,"21-30 Гб",IF(R38>10,"10-20 Гб","<10 Гб")))) -> 31-40 Гб
A39: FZJPC224 | B39: 37986 | C39: женский | D39: R51 | E39: перенос существующего номера | F39: Премиум | G39: 43030 | H39: 5 | I39: 49956 | J39: 124000000 | P39: =IF(G39>$C$3,DATEDIF(G39,$C$2,"D"),DATEDIF($C$3,$C$2,"D")) -> 120 | Q39: =I39/60/P39*30 -> 208.15 | R39: =J39/1024^2/P39*30 -> 29.563904 | S39: =DATEDIF(B39,$C$2,"Y") -> 18 | T39: =(Q39*7)/30 -> 48.568333 | U39: =IF(T39>120,"120+",IF(T39>90,"91-120",IF(T39>60,"61-90",IF(T39>35,"35-60","<35")))) -> 35-60 | V39: =IF(R39>40,"40+ Гб",IF(R39>30,"31-40 Гб",IF(R39>20,"21-30 Гб",IF(R39>10,"10-20 Гб","<10 Гб")))) -> 21-30 Гб
A40: PZSOJ921 | B40: 37983 | C40: мужской | D40: R51 | E40: присвоение нового номера | F40: Онлайн | G40: 44548 | H40: 4 | I40: 33520 | J40: 128000000 | P40: =IF(G40>$C$3,DATEDIF(G40,$C$2,"D"),DATEDIF($C$3,$C$2,"D")) -> 120 | Q40: =I40/60/P40*30 -> 139.66667 | R40: =J40/1024^2/P40*30 -> 30.517578 | S40: =DATEDIF(B40,$C$2,"Y") -> 18 | T40: =(Q40*7)/30 -> 32.588889 | U40: =IF(T40>120,"120+",IF(T40>90,"91-120",IF(T40>60,"61-90",IF(T40>35,"35-60","<35")))) -> <35 | V40: =IF(R40>40,"40+ Гб",IF(R40>30,"31-40 Гб",IF(R40>20,"21-30 Гб",IF(R40>10,"10-20 Гб","<10 Гб")))) -> 31-40 Гб
A41: BOVIU389 | B41: 37972 | C41: мужской | D41: R51 | E41: перенос существующего номера | F41: Премиум | G41: 44468 | H41: 5 | I41: 92316 | J41: 120000000 | P41: =IF(G41>$C$3,DATEDIF(G41,$C$2,"D"),DATEDIF($C$3,$C$2,"D")) -> 120 | Q41: =I41/60/P41*30 -> 384.65 | R41: =J41/1024^2/P41*30 -> 28.610229 | S41: =DATEDIF(B41,$C$2,"Y") -> 18 | T41: =(Q41*7)/30 -> 89.751667 | U41: =IF(T41>120,"120+",IF(T41>90,"91-120",IF(T41>60,"61-90",IF(T41>35,"35-60","<35")))) -> 61-90 | V41: =IF(R41>40,"40+ Гб",IF(R41>30,"31-40 Гб",IF(R41>20,"21-30 Гб",IF(R41>10,"10-20 Гб","<10 Гб")))) -> 21-30 Гб
A42: EGYFH038 | B42: 37971 | C42: женский | D42: R51 | E42: присвоение нового номера | F42: Премиум | G42: 44034 | H42: 5 | I42: 113816 | J42: 124000000 | P42: =IF(G42>$C$3,DATEDIF(G42,$C$2,"D"),DATEDIF($C$3,$C$2,"D")) -> 120 | Q42: =I42/60/P42*30 -> 474.23333 | R42: =J42/1024^2/P42*30 -> 29.563904 | S42: =DATEDIF(B42,$C$2,"Y") -> 18 | T42: =(Q42*7)/30 -> 110.65444 | U42: =IF(T42>120,"120+",IF(T42>90,"91-120",IF(T42>60,"61-90",IF(T42>35,"35-60","<35")))) -> 91-120 | V42: =IF(R42>40,"40+ Гб",IF(R42>30,"31-40 Гб",IF(R42>20,"21-30 Гб",IF(R42>10,"10-20 Гб","<10 Гб")))) -> 21-30 Гб
A43: IOSSO326 | B43: 37965 | C43: женский | D43: R51 | E43: присвоение нового номера | F43: Комфорт | G43: 43507 | H43: 5 | I43: 79516 | J43: 104000000 | P43: =IF(G43>$C$3,DATEDIF(G43,$C$2,"D"),DATEDIF($C$3,$C$2,"D")) -> 120 | Q43: =I43/60/P43*30 -> 331.31667 | R43: =J43/1024^2/P43*30 -> 24.795532 | S43: =DATEDIF(B43,$C$2,"Y") -> 18 | T43: =(Q43*7)/30 -> 77.307222 | U43: =IF(T43>120,"120+",IF(T43>90,"91-120",IF(T43>60,"61-90",IF(T43>35,"35-60","<35")))) -> 61-90 | V43: =IF(R43>40,"40+ Гб",IF(R43>30,"31-40 Гб",IF(R43>20,"21-30 Гб",IF(R43>10,"10-20 Гб","<10 Гб")))) -> 21-30 Гб
A44: JACIM924 | B44: 37964 | C44: мужской | D44: R51 | E44: присвоение нового номера | F44: Комфорт | G44: 43036 | H44: 5 | I44: 81600 | J44: 40000000 | P44: =IF(G44>$C$3,DATEDIF(G44,$C$2,"D"),DATEDIF($C$3,$C$2,"D")) -> 120 | Q44: =I44/60/P44*30 -> 340 | R44: =J44/1024^2/P44*30 -> 9.5367432 | S44: =DATEDIF(B44,$C$2,"Y") -> 18 | T44: =(Q44*7)/30 -> 79.333333 | U44: =IF(T44>120,"120+",IF(T44>90,"91-120",IF(T44>60,"61-90",IF(T44>35,"35-60","<35")))) -> 61-90 | V44: =IF(R44>40,"40+ Гб",IF(R44>30,"31-40 Гб",IF(R44>20,"21-30 Гб",IF(R44>10,"10-20 Гб","<10 Гб")))) -> <10 Гб
A45: VEDYI674 | B45: 37961 | C45: женский | D45: R51 | E45: присвоение нового номера | F45: Онлайн | G45: 44569 | H45: 3 | I45: 33900 | J45: 113000000 | N45: 1 | P45: =IF(G45>$C$3,DATEDIF(G45,$C$2,"D"),DATEDIF($C$3,$C$2,"D")) -> 113 | Q45: =I45/60/P45*30 -> 150 | R45: =J45/1024^2/P45*30 -> 28.610229 | S45: =DATEDIF(B45,$C$2,"Y") -> 18 | T45: =(Q45*7)/30 -> 35 | U45: =IF(T45>120,"120+",IF(T45>90,"91-120",IF(T45>60,"61-90",IF(T45>35,"35-60","<35")))) -> <35 | V45: =IF(R45>40,"40+ Гб",IF(R45>30,"31-40 Гб",IF(R45>20,"21-30 Гб",IF(R45>10,"10-20 Гб","<10 Гб")))) -> 21-30 Гб
A46: IEBXH936 | B46: 37959 | C46: мужской | D46: R51 | E46: перенос существующего номера | F46: Комфорт | G46: 44354 | H46: 5 | I46: 65820 | J46: 48000000 | M46: 1 | P46: =IF(G46>$C$3,DATEDIF(G46,$C$2,"D"),DATEDIF($C$3,$C$2,"D")) -> 120 | Q46: =I46/60/P46*30 -> 274.25 | R46: =J46/1024^2/P46*30 -> 11.444092 | S46: =DATEDIF(B46,$C$2,"Y") -> 18 | T46: =(Q46*7)/30 -> 63.991667 | U46: =IF(T46>120,"120+",IF(T46>90,"91-120",IF(T46>60,"61-90",IF(T46>35,"35-60","<35")))) -> 61-90 | V46: =IF(R46>40,"40+ Гб",IF(R46>30,"31-40 Гб",IF(R46>20,"21-30 Гб",IF(R46>10,"10-20 Гб","<10 Гб")))) -> 10-20 Гб
A47: PTNKC925 | B47: 37957 | C47: женский | D47: R51 | E47: перенос существующего номера | F47: Комфорт | G47: 44077 | H47: 5 | I47: 15100 | J47: 88000000 | K47: 1 | L47: 1 | P47: =IF(G47>$C$3,DATEDIF(G47,$C$2,"D"),DATEDIF($C$3,$C$2,"D")) -> 120 | Q47: =I47/60/P47*30 -> 62.916667 | R47: =J47/1024^2/P47*30 -> 20.980835 | S47: =DATEDIF(B47,$C$2,"Y") -> 18 | T47: =(Q47*7)/30 -> 14.680556 | U47: =IF(T47>120,"120+",IF(T47>90,"91-120",IF(T47>60,"61-90",IF(T47>35,"35-60","<35")))) -> <35 | V47: =IF(R47>40,"40+ Гб",IF(R47>30,"31-40 Гб",IF(R47>20,"21-30 Гб",IF(R47>10,"10-20 Гб","<10 Гб")))) -> 21-30 Гб
A48: KYDXL935 | B48: 37953 | C48: женский | D48: R51 | E48: присвоение нового номера | F48: Комфорт | G48: 44579 | H48: 3 | I48: 63515 | J48: 92700000 | P48: =IF(G48>$C$3,DATEDIF(G48,$C$2,"D"),DATEDIF($C$3,$C$2,"D")) -> 103 | Q48: =I48/60/P48*30 -> 308.32524 | R48: =J48/1024^2/P48*30 -> 25.749207 | S48: =DATEDIF(B48,$C$2,"Y") -> 18 | T48: =(Q48*7)/30 -> 71.942557 | U48: =IF(T48>120,"120+",IF(T48>90,"91-120",IF(T48>60,"61-90",IF(T48>35,"35-60","<35")))) -> 61-90 | V48: =IF(R48>40,"40+ Гб",IF(R48>30,"31-40 Гб",IF(R48>20,"21-30 Гб",IF(R48>10,"10-20 Гб","<10 Гб")))) -> 21-30 Гб
A49: PIMVN715 | B49: 37948 | C49: женский | D49: R51 | E49: присвоение нового номера | F49: Комфорт | G49: 44124 | H49: 5 | I49: 15172 | J49: 24000000 | K49: 1 | L49: 1 | O49: 1 | P49: =IF(G49>$C$3,DATEDIF(G49,$C$2,"D"),DATEDIF($C$3,$C$2,"D")) -> 120 | Q49: =I49/60/P49*30 -> 63.216667 | R49: =J49/1024^2/P49*30 -> 5.7220459 | S49: =DATEDIF(B49,$C$2,"Y") -> 18 | T49: =(Q49*7)/30 -> 14.750556 | U49: =IF(T49>120,"120+",IF(T49>90,"91-120",IF(T49>60,"61-90",IF(T49>35,"35-60","<35")))) -> <35 | V49: =IF(R49>40,"40+ Гб",IF(R49>30,"31-40 Гб",IF(R49>20,"21-30 Гб",IF(R49>10,"10-20 Гб","<10 Гб")))) -> <10 Гб
A50: GOUOF785 | B50: 37939 | C50: мужской | D50: R51 | E50: присвоение нового номера | F50: Премиум | G50: 44168 | H50: 5 | I50: 65924 | J50: 112000000 | P50: =IF(G50>$C$3,DATEDIF(G50,$C$2,"D"),DATEDIF($C$3,$C$2,"D")) -> 120 | Q50: =I50/60/P50*30 -> 274.68333 | R50: =J50/1024^2/P50*30 -> 26.702881 | S50: =DATEDIF(B50,$C$2,"Y") -> 18 | T50: =(Q50*7)/30 -> 64.092778 | U50: =IF(T50>120,"120+",IF(T50>90,"91-120",IF(T50>60,"61-90",IF(T50>35,"35-60","<35")))) -> 61-90 | V50: =IF(R50>40,"40+ Гб",IF(R50>30,"31-40 Гб",IF(R50>20,"21-30 Гб",IF(R50>10,"10-20 Гб","<10 Гб")))) -> 21-30 Гб
A51: GQOUP534 | B51: 37936 | C51: мужской | D51: R51 | E51: присвоение нового номера | F51: Премиум | G51: 42893 | H51: 5 | I51: 54552 | J51: 40000000 | L51: 1 | N51: 1 | P51: =IF(G51>$C$3,DATEDIF(G51,$C$2,"D"),DATEDIF($C$3,$C$2,"D")) -> 120 | Q51: =I51/60/P51*30 -> 227.3 | R51: =J51/1024^2/P51*30 -> 9.5367432 | S51: =DATEDIF(B51,$C$2,"Y") -> 18 | T51: =(Q51*7)/30 -> 53.036667 | U51: =IF(T51>120,"120+",IF(T51>90,"91-120",IF(T51>60,"61-90",IF(T51>35,"35-60","<35")))) -> 35-60 | V51: =IF(R51>40,"40+ Гб",IF(R51>30,"31-40 Гб",IF(R51>20,"21-30 Гб",IF(R51>10,"10-20 Гб","<10 Гб")))) -> <10 Гб
A52: MMHHC347 | B52: 37935 | C52: мужской | D52: R51 | E52: перенос существующего номера | F52: Комфорт | G52: 43113 | H52: 5 | I52: 82580 | J52: 68000000 | P52: =IF(G52>$C$3,DATEDIF(G52,$C$2,"D"),DATEDIF($C$3,$C$2,"D")) -> 120 | Q52: =I52/60/P52*30 -> 344.08333 | R52: =J52/1024^2/P52*30 -> 16.212463 | S52: =DATEDIF(B52,$C$2,"Y") -> 18 | T52: =(Q52*7)/30 -> 80.286111 | U52: =IF(T52>120,"120+",IF(T52>90,"91-120",IF(T52>60,"61-90",IF(T52>35,"35-60","<35")))) -> 61-90 | V52: =IF(R52>40,"40+ Гб",IF(R52>30,"31-40 Гб",IF(R52>20,"21-30 Гб",IF(R52>10,"10-20 Гб","<10 Гб")))) -> 10-20 Гб
A53: VQVIS240 | B53: 37930 | C53: мужской | D53: R51 | E53: присвоение нового номера | F53: Онлайн | G53: 44416 | H53: 5 | I53: 13648 | J53: 140000000 | K53: 1 | L53: 1 | M53: 1 | O53: 1 | P53: =IF(G53>$C$3,DATEDIF(G53,$C$2,"D"),DATEDIF($C$3,$C$2,"D")) -> 120 | Q53: =I53/60/P53*30 -> 56.866667 | R53: =J53/1024^2/P53*30 -> 33.378601 | S53: =DATEDIF(B53,$C$2,"Y") -> 18 | T53: =(Q53*7)/30 -> 13.268889 | U53: =IF(T53>120,"120+",IF(T53>90,"91-120",IF(T53>60,"61-90",IF(T53>35,"35-60","<35")))) -> <35 | V53: =IF(R53>40,"40+ Гб",IF(R53>30,"31-40 Гб",IF(R53>20,"21-30 Гб",IF(R53>10,"10-20 Гб","<10 Гб")))) -> 31-40 Гб
A54: HDBLI646 | B54: 37928 | C54: женский | D54: R51 | E54: присвоение нового номера | F54: Комфорт | G54: 44324 | H54: 5 | I54: 25956 | J54: 48000000 | K54: 1 | P54: =IF(G54>$C$3,DATEDIF(G54,$C$2,"D"),DATEDIF($C$3,$C$2,"D")) -> 120 | Q54: =I54/60/P54*30 -> 108.15 | R54: =J54/1024^2/P54*30 -> 11.444092 | S54: =DATEDIF(B54,$C$2,"Y") -> 18 | T54: =(Q54*7)/30 -> 25.235 | U54: =IF(T54>120,"120+",IF(T54>90,"91-120",IF(T54>60,"61-90",IF(T54>35,"35-60","<35")))) -> <35 | V54: =IF(R54>40,"40+ Гб",IF(R54>30,"31-40 Гб",IF(R54>20,"21-30 Гб",IF(R54>10,"10-20 Гб","<10 Гб")))) -> 10-20 Гб
A55: TZJQT490 | B55: 37911 | C55: женский | D55: R51 | E55: перенос существующего номера | F55: Онлайн | G55: 44564 | H55: 3 | I55: 35400 | J55: 145533333 | K55: 1 | L55: 1 | O55: 1 | P55: =IF(G55>$C$3,DATEDIF(G55,$C$2,"D"),DATEDIF($C$3,$C$2,"D")) -> 118 | Q55: =I55/60/P55*30 -> 150 | R55: =J55/1024^2/P55*30 -> 35.28595 | S55: =DATEDIF(B55,$C$2,"Y") -> 18 | T55: =(Q55*7)/30 -> 35 | U55: =IF(T55>120,"120+",IF(T55>90,"91-120",IF(T55>60,"61-90",IF(T55>35,"35-60","<35")))) -> <35 | V55: =IF(R55>40,"40+ Гб",IF(R55>30,"31-40 Гб",IF(R55>20,"21-30 Гб",IF(R55>10,"10-20 Гб","<10 Гб")))) -> 31-40 Гб
A56: IEGGD858 | B56: 37908 | C56: женский | D56: R51 | E56: перенос существующего номера | F56: Комфорт | G56: 42826 | H56: 5 | I56: 88616 | J56: 36000000 | P56: =IF(G56>$C$3,DATEDIF(G56,$C$2,"D"),DATEDIF($C$3,$C$2,"D")) -> 120 | Q56: =I56/60/P56*30 -> 369.23333 | R56: =J56/1024^2/P56*30 -> 8.5830688 | S56: =DATEDIF(B56,$C$2,"Y") -> 18 | T56: =(Q56*7)/30 -> 86.154444 | U56: =IF(T56>120,"120+",IF(T56>90,"91-120",IF(T56>60,"61-90",IF(T56>35,"35-60","<35")))) -> 61-90 | V56: =IF(R56>40,"40+ Гб",IF(R56>30,"31-40 Гб",IF(R56>20,"21-30 Гб",IF(R56>10,"10-20 Гб","<10 Гб")))) -> <10 Гб
A57: RBXIR480 | B57: 37908 | C57: мужской | D57: R51 | E57: присвоение нового номера | F57: Онлайн | G57: 44070 | H57: 5 | I57: 35948 | J57: 136000000 | K57: 1 | L57: 1 | P57: =IF(G57>$C$3,DATEDIF(G57,$C$2,"D"),DATEDIF($C$3,$C$2,"D")) -> 120 | Q57: =I57/60/P57*30 -> 149.78333 | R57: =J57/1024^2/P57*30 -> 32.424927 | S57: =DATEDIF(B57,$C$2,"Y") -> 18 | T57: =(Q57*7)/30 -> 34.949444 | U57: =IF(T57>120,"120+",IF(T57>90,"91-120",IF(T57>60,"61-90",IF(T57>35,"35-60","<35")))) -> <35 | V57: =IF(R57>40,"40+ Гб",IF(R57>30,"31-40 Гб",IF(R57>20,"21-30 Гб",IF(R57>10,"10-20 Гб","<10 Гб")))) -> 31-40 Гб
A58: NFLJR990 | B58: 37894 | C58: мужской | D58: R51 | E58: присвоение нового номера | F58: Комфорт | G58: 42924 | H58: 5 | I58: 11336 | J58: 68000000 | P58: =IF(G58>$C$3,DATEDIF(G58,$C$2,"D"),DATEDIF($C$3,$C$2,"D")) -> 120 | Q58: =I58/60/P58*30 -> 47.233333 | R58: =J58/1024^2/P58*30 -> 16.212463 | S58: =DATEDIF(B58,$C$2,"Y") -> 18 | T58: =(Q58*7)/30 -> 11.021111 | U58: =IF(T58>120,"120+",IF(T58>90,"91-120",IF(T58>60,"61-90",IF(T58>35,"35-60","<35")))) -> <35 | V58: =IF(R58>40,"40+ Гб",IF(R58>30,"31-40 Гб",IF(R58>20,"21-30 Гб",IF(R58>10,"10-20 Гб","<10 Гб")))) -> 10-20 Гб
A59: FVLGG345 | B59: 37893 | C59: мужской | D59: R51 | E59: перенос существующего номера | F59: Премиум | G59: 42753 | H59: 5 | I59: 107040 | J59: 56000000 | P59: =IF(G59>$C$3,DATEDIF(G59,$C$2,"D"),DATEDIF($C$3,$C$2,"D")) -> 120 | Q59: =I59/60/P59*30 -> 446 | R59: =J59/1024^2/P59*30 -> 13.35144 | S59: =DATEDIF(B59,$C$2,"Y") -> 18 | T59: =(Q59*7)/30 -> 104.06667 | U59: =IF(T59>120,"120+",IF(T59>90,"91-120",IF(T59>60,"61-90",IF(T59>35,"35-60","<35")))) -> 91-120 | V59: =IF(R59>40,"40+ Гб",IF(R59>30,"31-40 Гб",IF(R59>20,"21-30 Гб",IF(R59>10,"10-20 Гб","<10 Гб")))) -> 10-20 Гб
A60: KLCQU151 | B60: 37893 | C60: женский | D60: R51 | E60: присвоение нового номера | F60: Комфорт | G60: 43933 | H60: 5 | I60: 67860 | J60: 0 | P60: =IF(G60>$C$3,DATEDIF(G60,$C$2,"D"),DATEDIF($C$3,$C$2,"D")) -> 120 | Q60: =I60/60/P60*30 -> 282.75 | R60: =J60/1024^2/P60*30 -> 0 | S60: =DATEDIF(B60,$C$2,"Y") -> 18 | T60: =(Q60*7)/30 -> 65.975 | U60: =IF(T60>120,"120+",IF(T60>90,"91-120",IF(T60>60,"61-90",IF(T60>35,"35-60","<35")))) -> 61-90 | V60: =IF(R60>40,"40+ Гб",IF(R60>30,"31-40 Гб",IF(R60>20,"21-30 Гб",IF(R60>10,"10-20 Гб","<10 Гб")))) -> <10 Гб
A61: EJMKZ012 | B61: 37892 | C61: женский | D61: R51 | E61: перенос существующего номера | F61: Премиум | G61: 43268 | H61: 5 | I61: 38044 | J61: 140000000 | N61: 1 | P61: =IF(G61>$C$3,DATEDIF(G61,$C$2,"D"),DATEDIF($C$3,$C$2,"D")) -> 120 | Q61: =I61/60/P61*30 -> 158.51667 | R61: =J61/1024^2/P61*30 -> 33.378601 | S61: =DATEDIF(B61,$C$2,"Y") -> 18 | T61: =(Q61*7)/30 -> 36.987222 | U61: =IF(T61>120,"120+",IF(T61>90,"91-120",IF(T61>60,"61-90",IF(T61>35,"35-60","<35")))) -> 35-60 | V61: =IF(R61>40,"40+ Гб",IF(R61>30,"31-40 Гб",IF(R61>20,"21-30 Гб",IF(R61>10,"10-20 Гб","<10 Гб")))) -> 31-40 Гб
A62: TTKKY674 | B62: 37886 | C62: женский | D62: R51 | E62: перенос существующего номера | F62: Онлайн | G62: 44290 | H62: 5 | I62: 18028 | J62: 148000000 | P62: =IF(G62>$C$3,DATEDIF(G62,$C$2,"D"),DATEDIF($C$3,$C$2,"D")) -> 120 | Q62: =I62/60/P62*30 -> 75.116667 | R62: =J62/1024^2/P62*30 -> 35.28595 | S62: =DATEDIF(B62,$C$2,"Y") -> 18 | T62: =(Q62*7)/30 -> 17.527222 | U62: =IF(T62>120,"120+",IF(T62>90,"91-120",IF(T62>60,"61-90",IF(T62>35,"35-60","<35")))) -> <35 | V62: =IF(R62>40,"40+ Гб",IF(R62>30,"31-40 Гб",IF(R62>20,"21-30 Гб",IF(R62>10,"10-20 Гб","<10 Гб")))) -> 31-40 Гб
A63: NEYAE565 | B63: 37883 | C63: женский | D63: R51 | E63: перенос существующего номера | F63: Комфорт | G63: 44427 | H63: 5 | I63: 22428 | J63: 112000000 | K63: 1 | L63: 1 | O63: 1 | P63: =IF(G63>$C$3,DATEDIF(G63,$C$2,"D"),DATEDIF($C$3,$C$2,"D")) -> 120 | Q63: =I63/60/P63*30 -> 93.45 | R63: =J63/1024^2/P63*30 -> 26.702881 | S63: =DATEDIF(B63,$C$2,"Y") -> 18 | T63: =(Q63*7)/30 -> 21.805 | U63: =IF(T63>120,"120+",IF(T63>90,"91-120",IF(T63>60,"61-90",IF(T63>35,"35-60","<35")))) -> <35 | V63: =IF(R63>40,"40+ Гб",IF(R63>30,"31-40 Гб",IF(R63>20,"21-30 Гб",IF(R63>10,"10-20 Гб","<10 Гб")))) -> 21-30 Гб
A64: UJBHG100 | B64: 37877 | C64: женский | D64: R51 | E64: перенос существующего номера | F64: Онлайн | G64: 43101 | H64: 5 | I64: 1400 | J64: 152000000 | M64: 1 | P64: =IF(G64>$C$3,DATEDIF(G64,$C$2,"D"),DATEDIF($C$3,$C$2,"D")) -> 120 | Q64: =I64/60/P64*30 -> 5.8333333 | R64: =J64/1024^2/P64*30 -> 36.239624 | S64: =DATEDIF(B64,$C$2,"Y") -> 18 | T64: =(Q64*7)/30 -> 1.3611111 | U64: =IF(T64>120,"120+",IF(T64>90,"91-120",IF(T64>60,"61-90",IF(T64>35,"35-60","<35")))) -> <35 | V64: =IF(R64>40,"40+ Гб",IF(R64>30,"31-40 Гб",IF(R64>20,"21-30 Гб",IF(R64>10,"10-20 Гб","<10 Гб")))) -> 31-40 Гб
A65: DHBTY221 | B65: 37870 | C65: женский | D65: R51 | E65: присвоение нового номера | F65: Премиум | G65: 43420 | H65: 5 | I65: 85616 | J65: 120000000 | K65: 1 | P65: =IF(G65>$C$3,DATEDIF(G65,$C$2,"D"),DATEDIF($C$3,$C$2,"D")) -> 120 | Q65: =I65/60/P65*30 -> 356.73333 | R65: =J65/1024^2/P65*30 -> 28.610229 | S65: =DATEDIF(B65,$C$2,"Y") -> 18 | T65: =(Q65*7)/30 -> 83.237778 | U65: =IF(T65>120,"120+",IF(T65>90,"91-120",IF(T65>60,"61-90",IF(T65>35,"35-60","<35")))) -> 61-90 | V65: =IF(R65>40,"40+ Гб",IF(R65>30,"31-40 Гб",IF(R65>20,"21-30 Гб",IF(R65>10,"10-20 Гб","<10 Гб")))) -> 21-30 Гб
A66: RMGFC991 | B66: 37864 | C66: женский | D66: R51 | E66: присвоение нового номера | F66: Онлайн | G66: 43986 | H66: 5 | I66: 17324 | J66: 44000000 | P66: =IF(G66>$C$3,DATEDIF(G66,$C$2,"D"),DATEDIF($C$3,$C$2,"D")) -> 120 | Q66: =I66/60/P66*30 -> 72.183333 | R66: =J66/1024^2/P66*30 -> 10.490417 | S66: =DATEDIF(B66,$C$2,"Y") -> 18 | T66: =(Q66*7)/30 -> 16.842778 | U66: =IF(T66>120,"120+",IF(T66>90,"91-120",IF(T66>60,"61-90",IF(T66>35,"35-60","<35")))) -> <35 | V66: =IF(R66>40,"40+ Гб",IF(R66>30,"31-40 Гб",IF(R66>20,"21-30 Гб",IF(R66>10,"10-20 Гб","<10 Гб")))) -> 10-20 Гб
A67: YOWRC851 | B67: 37857 | C67: женский | D67: R51 | E67: присвоение нового номера | F67: Базовый | G67: 42783 | H67: 5 | I67: 45928 | J67: 20000000 | K67: 1 | L67: 1 | P67: =IF(G67>$C$3,DATEDIF(G67,$C$2,"D"),DATEDIF($C$3,$C$2,"D")) -> 120 | Q67: =I67/60/P67*30 -> 191.36667 | R67: =J67/1024^2/P67*30 -> 4.7683716 | S67: =DATEDIF(B67,$C$2,"Y") -> 18 | T67: =(Q67*7)/30 -> 44.652222 | U67: =IF(T67>120,"120+",IF(T67>90,"91-120",IF(T67>60,"61-90",IF(T67>35,"35-60","<35")))) -> 35-60 | V67: =IF(R67>40,"40+ Гб",IF(R67>30,"31-40 Гб",IF(R67>20,"21-30 Гб",IF(R67>10,"10-20 Гб","<10 Гб")))) -> <10 Гб
A68: YKKBN126 | B68: 37853 | C68: мужской | D68: R51 | E68: присвоение нового номера | F68: Базовый | G68: 42736 | H68: 5 | I68: 3796 | J68: 8000000 | P68: =IF(G68>$C$3,DATEDIF(G68,$C$2,"D"),DATEDIF($C$3,$C$2,"D")) -> 120 | Q68: =I68/60/P68*30 -> 15.816667 | R68: =J68/1024^2/P68*30 -> 1.9073486 | S68: =DATEDIF(B68,$C$2,"Y") -> 18 | T68: =(Q68*7)/30 -> 3.6905556 | U68: =IF(T68>120,"120+",IF(T68>90,"91-120",IF(T68>60,"61-90",IF(T68>35,"35-60","<35")))) -> <35 | V68: =IF(R68>40,"40+ Гб",IF(R68>30,"31-40 Гб",IF(R68>20,"21-30 Гб",IF(R68>10,"10-20 Гб","<10 Гб")))) -> <10 Гб
A69: YMARB668 | B69: 37850 | C69: женский | D69: R51 | E69: присвоение нового номера | F69: Базовый | G69: 42891 | H69: 5 | I69: 32964 | J69: 16000000 | P69: =IF(G69>$C$3,DATEDIF(G69,$C$2,"D"),DATEDIF($C$3,$C$2,"D")) -> 120 | Q69: =I69/60/P69*30 -> 137.35 | R69: =J69/1024^2/P69*30 -> 3.8146973 | S69: =DATEDIF(B69,$C$2,"Y") -> 18 | T69: =(Q69*7)/30 -> 32.048333 | U69: =IF(T69>120,"120+",IF(T69>90,"91-120",IF(T69>60,"61-90",IF(T69>35,"35-60","<35")))) -> <35 | V69: =IF(R69>40,"40+ Гб",IF(R69>30,"31-40 Гб",IF(R69>20,"21-30 Гб",IF(R69>10,"10-20 Гб","<10 Гб")))) -> <10 Гб
A70: ZLDMD722 | B70: 37850 | C70: мужской | D70: R51 | E70: перенос существующего номера | F70: Базовый | G70: 42761 | H70: 5 | I70: 36868 | J70: 16000000 | N70: 1 | P70: =IF(G70>$C$3,DATEDIF(G70,$C$2,"D"),DATEDIF($C$3,$C$2,"D")) -> 120 | Q70: =I70/60/P70*30 -> 153.61667 | R70: =J70/1024^2/P70*30 -> 3.8146973 | S70: =DATEDIF(B70,$C$2,"Y") -> 18 | T70: =(Q70*7)/30 -> 35.843889 | U70: =IF(T70>120,"120+",IF(T70>90,"91-120",IF(T70>60,"61-90",IF(T70>35,"35-60","<35")))) -> 35-60 | V70: =IF(R70>40,"40+ Гб",IF(R70>30,"31-40 Гб",IF(R70>20,"21-30 Гб",IF(R70>10,"10-20 Гб","<10 Гб")))) -> <10 Гб
A71: UBFUL455 | B71: 37846 | C71: женский | D71: R51 | E71: перенос существующего номера | F71: Онлайн | G71: 42985 | H71: 5 | I71: 21172 | J71: 144000000 | P71: =IF(G71>$C$3,DATEDIF(G71,$C$2,"D"),DATEDIF($C$3,$C$2,"D")) -> 120 | Q71: =I71/60/P71*30 -> 88.216667 | R71: =J71/1024^2/P71*30 -> 34.332275 | S71: =DATEDIF(B71,$C$2,"Y") -> 18 | T71: =(Q71*7)/30 -> 20.583889 | U71: =IF(T71>120,"120+",IF(T71>90,"91-120",IF(T71>60,"61-90",IF(T71>35,"35-60","<35")))) -> <35 | V71: =IF(R71>40,"40+ Гб",IF(R71>30,"31-40 Гб",IF(R71>20,"21-30 Гб",IF(R71>10,"10-20 Гб","<10 Гб")))) -> 31-40 Гб
A72: PWNWP932 | B72: 37843 | C72: женский | D72: R51 | E72: присвоение нового номера | F72: Онлайн | G72: 44234 | H72: 5 | I72: 27632 | J72: 156000000 | P72: =IF(G72>$C$3,DATEDIF(G72,$C$2,"D"),DATEDIF($C$3,$C$2,"D")) -> 120 | Q72: =I72/60/P72*30 -> 115.13333 | R72: =J72/1024^2/P72*30 -> 37.193298 | S72: =DATEDIF(B72,$C$2,"Y") -> 18 | T72: =(Q72*7)/30 -> 26.864444 | U72: =IF(T72>120,"120+",IF(T72>90,"91-120",IF(T72>60,"61-90",IF(T72>35,"35-60","<35")))) -> <35 | V72: =IF(R72>40,"40+ Гб",IF(R72>30,"31-40 Гб",IF(R72>20,"21-30 Гб",IF(R72>10,"10-20 Гб","<10 Гб")))) -> 31-40 Гб
A73: PKTXX788 | B73: 37841 | C73: мужской | D73: R51 | E73: перенос существующего номера | F73: Комфорт | G73: 43967 | H73: 5 | I73: 7648 | J73: 120000000 | L73: 1 | P73: =IF(G73>$C$3,DATEDIF(G73,$C$2,"D"),DATEDIF($C$3,$C$2,"D")) -> 120 | Q73: =I73/60/P73*30 -> 31.866667 | R73: =J73/1024^2/P73*30 -> 28.610229 | S73: =DATEDIF(B73,$C$2,"Y") -> 18 | T73: =(Q73*7)/30 -> 7.4355556 | U73: =IF(T73>120,"120+",IF(T73>90,"91-120",IF(T73>60,"61-90",IF(T73>35,"35-60","<35")))) -> <35 | V73: =IF(R73>40,"40+ Гб",IF(R73>30,"31-40 Гб",IF(R73>20,"21-30 Гб",IF(R73>10,"10-20 Гб","<10 Гб")))) -> 21-30 Гб
A74: QBSQA163 | B74: 37840 | C74: женский | D74: R51 | E74: перенос существующего номера | F74: Онлайн | G74: 43801 | H74: 5 | I74: 21920 | J74: 116000000 | P74: =IF(G74>$C$3,DATEDIF(G74,$C$2,"D"),DATEDIF($C$3,$C$2,"D")) -> 120 | Q74: =I74/60/P74*30 -> 91.333333 | R74: =J74/1024^2/P74*30 -> 27.656555 | S74: =DATEDIF(B74,$C$2,"Y") -> 18 | T74: =(Q74*7)/30 -> 21.311111 | U74: =IF(T74>120,"120+",IF(T74>90,"91-120",IF(T74>60,"61-90",IF(T74>35,"35-60","<35")))) -> <35 | V74: =IF(R74>40,"40+ Гб",IF(R74>30,"31-40 Гб",IF(R74>20,"21-30 Гб",IF(R74>10,"10-20 Гб","<10 Гб")))) -> 21-30 Гб
A75: UYKWD395 | B75: 37838 | C75: женский | D75: R51 | E75: присвоение нового номера | F75: Онлайн | G75: 44134 | H75: 5 | I75: 16232 | J75: 104000000 | K75: 1 | L75: 1 | O75: 1 | P75: =IF(G75>$C$3,DATEDIF(G75,$C$2,"D"),DATEDIF($C$3,$C$2,"D")) -> 120 | Q75: =I75/60/P75*30 -> 67.633333 | R75: =J75/1024^2/P75*30 -> 24.795532 | S75: =DATEDIF(B75,$C$2,"Y") -> 18 | T75: =(Q75*7)/30 -> 15.781111 | U75: =IF(T75>120,"120+",IF(T75>90,"91-120",IF(T75>60,"61-90",IF(T75>35,"35-60","<35")))) -> <35 | V75: =IF(R75>40,"40+ Гб",IF(R75>30,"31-40 Гб",IF(R75>20,"21-30 Гб",IF(R75>10,"10-20 Гб","<10 Гб")))) -> 21-30 Гб
A76: VFFFI920 | B76: 37836 | C76: мужской | D76: R51 | E76: присвоение нового номера | F76: Онлайн | G76: 43868 | H76: 5 | I76: 31408 | J76: 120000000 | P76: =IF(G76>$C$3,DATEDIF(G76,$C$2,"D"),DATEDIF($C$3,$C$2,"D")) -> 120 | Q76: =I76/60/P76*30 -> 130.86667 | R76: =J76/1024^2/P76*30 -> 28.610229 | S76: =DATEDIF(B76,$C$2,"Y") -> 18 | T76: =(Q76*7)/30 -> 30.535556 | U76: =IF(T76>120,"120+",IF(T76>90,"91-120",IF(T76>60,"61-90",IF(T76>35,"35-60","<35")))) -> <35 | V76: =IF(R76>40,"40+ Гб",IF(R76>30,"31-40 Гб",IF(R76>20,"21-30 Гб",IF(R76>10,"10-20 Гб","<10 Гб")))) -> 21-30 Гб
A77: USETY757 | B77: 37828 | C77: мужской | D77: R51 | E77: присвоение нового номера | F77: Онлайн | G77: 43619 | H77: 5 | I77: 9876 | J77: 152000000 | K77: 1 | M77: 1 | N77: 1 | P77: =IF(G77>$C$3,DATEDIF(G77,$C$2,"D"),DATEDIF($C$3,$C$2,"D")) -> 120 | Q77: =I77/60/P77*30 -> 41.15 | R77: =J77/1024^2/P77*30 -> 36.239624 | S77: =DATEDIF(B77,$C$2,"Y") -> 18 | T77: =(Q77*7)/30 -> 9.6016667 | U77: =IF(T77>120,"120+",IF(T77>90,"91-120",IF(T77>60,"61-90",IF(T77>35,"35-60","<35")))) -> <35 | V77: =IF(R77>40,"40+ Гб",IF(R77>30,"31-40 Гб",IF(R77>20,"21-30 Гб",IF(R77>10,"10-20 Гб","<10 Гб")))) -> 31-40 Гб
A78: SMPPV971 | B78: 37822 | C78: мужской | D78: R51 | E78: перенос существующего номера | F78: Онлайн | G78: 43439 | H78: 5 | I78: 8976 | J78: 8000000 | P78: =IF(G78>$C$3,DATEDIF(G78,$C$2,"D"),DATEDIF($C$3,$C$2,"D")) -> 120 | Q78: =I78/60/P78*30 -> 37.4 | R78: =J78/1024^2/P78*30 -> 1.9073486 | S78: =DATEDIF(B78,$C$2,"Y") -> 18 | T78: =(Q78*7)/30 -> 8.7266667 | U78: =IF(T78>120,"120+",IF(T78>90,"91-120",IF(T78>60,"61-90",IF(T78>35,"35-60","<35")))) -> <35 | V78: =IF(R78>40,"40+ Гб",IF(R78>30,"31-40 Гб",IF(R78>20,"21-30 Гб",IF(R78>10,"10-20 Гб","<10 Гб")))) -> <10 Гб
A79: JJKCE344 | B79: 37821 | C79: женский | D79: R51 | E79: присвоение нового номера | F79: Комфорт | G79: 44291 | H79: 5 | I79: 88956 | J79: 88000000 | P79: =IF(G79>$C$3,DATEDIF(G79,$C$2,"D"),DATEDIF($C$3,$C$2,"D")) -> 120 | Q79: =I79/60/P79*30 -> 370.65 | R79: =J79/1024^2/P79*30 -> 20.980835 | S79: =DATEDIF(B79,$C$2,"Y") -> 18 | T79: =(Q79*7)/30 -> 86.485 | U79: =IF(T79>120,"120+",IF(T79>90,"91-120",IF(T79>60,"61-90",IF(T79>35,"35-60","<35")))) -> 61-90 | V79: =IF(R79>40,"40+ Гб",IF(R79>30,"31-40 Гб",IF(R79>20,"21-30 Гб",IF(R79>10,"10-20 Гб","<10 Гб")))) -> 21-30 Гб
A80: JQHKP483 | B80: 37816 | C80: женский | D80: R51 | E80: присвоение нового номера | F80: Комфорт | G80: 43173 | H80: 5 | I80: 76640 | J80: 104000000 | L80: 1 | P80: =IF(G80>$C$3,DATEDIF(G80,$C$2,"D"),DATEDIF($C$3,$C$2,"D")) -> 120 | Q80: =I80/60/P80*30 -> 319.33333 | R80: =J80/1024^2/P80*30 -> 24.795532 | S80: =DATEDIF(B80,$C$2,"Y") -> 18 | T80: =(Q80*7)/30 -> 74.511111 | U80: =IF(T80>120,"120+",IF(T80>90,"91-120",IF(T80>60,"61-90",IF(T80>35,"35-60","<35")))) -> 61-90 | V80: =IF(R80>40,"40+ Гб",IF(R80>30,"31-40 Гб",IF(R80>20,"21-30 Гб",IF(R80>10,"10-20 Гб","<10 Гб")))) -> 21-30 Гб
A81: QQXJM516 | B81: 37815 | C81: женский | D81: R51 | E81: перенос существующего номера | F81: Онлайн | G81: 43519 | H81: 5 | I81: 3108 | J81: 144000000 | L81: 1 | P81: =IF(G81>$C$3,DATEDIF(G81,$C$2,"D"),DATEDIF($C$3,$C$2,"D")) -> 120 | Q81: =I81/60/P81*30 -> 12.95 | R81: =J81/1024^2/P81*30 -> 34.332275 | S81: =DATEDIF(B81,$C$2,"Y") -> 18 | T81: =(Q81*7)/30 -> 3.0216667 | U81: =IF(T81>120,"120+",IF(T81>90,"91-120",IF(T81>60,"61-90",IF(T81>35,"35-60","<35")))) -> <35 | V81: =IF(R81>40,"40+ Гб",IF(R81>30,"31-40 Гб",IF(R81>20,"21-30 Гб",IF(R81>10,"10-20 Гб","<10 Гб")))) -> 31-40 Гб
A82: YGOSP005 | B82: 37813 | C82: мужской | D82: R51 | E82: перенос существующего номера | F82: Базовый | G82: 43070 | H82: 5 | I82: 46188 | J82: 12000000 | K82: 1 | L82: 1 | P82: =IF(G82>$C$3,DATEDIF(G82,$C$2,"D"),DATEDIF($C$3,$C$2,"D")) -> 120 | Q82: =I82/60/P82*30 -> 192.45 | R82: =J82/1024^2/P82*30 -> 2.8610229 | S82: =DATEDIF(B82,$C$2,"Y") -> 18 | T82: =(Q82*7)/30 -> 44.905 | U82: =IF(T82>120,"120+",IF(T82>90,"91-120",IF(T82>60,"61-90",IF(T82>35,"35-60","<35")))) -> 35-60 | V82: =IF(R82>40,"40+ Гб",IF(R82>30,"31-40 Гб",IF(R82>20,"21-30 Гб",IF(R82>10,"10-20 Гб","<10 Гб")))) -> <10 Гб
A83: TVPIN002 | B83: 37811 | C83: женский | D83: R51 | E83: присвоение нового номера | F83: Онлайн | G83: 44583 | H83: 3 | I83: 29700 | J83: 122100000 | K83: 1 | L83: 1 | O83: 1 | P83: =IF(G83>$C$3,DATEDIF(G83,$C$2,"D"),DATEDIF($C$3,$C$2,"D")) -> 99 | Q83: =I83/60/P83*30 -> 150 | R83: =J83/1024^2/P83*30 -> 35.28595 | S83: =DATEDIF(B83,$C$2,"Y") -> 18 | T83: =(Q83*7)/30 -> 35 | U83: =IF(T83>120,"120+",IF(T83>90,"91-120",IF(T83>60,"61-90",IF(T83>35,"35-60","<35")))) -> <35 | V83: =IF(R83>40,"40+ Гб",IF(R83>30,"31-40 Гб",IF(R83>20,"21-30 Гб",IF(R83>10,"10-20 Гб","<10 Гб")))) -> 31-40 Гб
A84: KGNCA896 | B84: 37809 | C84: женский | D84: R51 | E84: присвоение нового номера | F84: Комфорт | G84: 43078 | H84: 5 | I84: 77268 | J84: 100000000 | K84: 1 | L84: 1 | O84: 1 | P84: =IF(G84>$C$3,DATEDIF(G84,$C$2,"D"),DATEDIF($C$3,$C$2,"D")) -> 120 | Q84: =I84/60/P84*30 -> 321.95 | R84: =J84/1024^2/P84*30 -> 23.841858 | S84: =DATEDIF(B84,$C$2,"Y") -> 18 | T84: =(Q84*7)/30 -> 75.121667 | U84: =IF(T84>120,"120+",IF(T84>90,"91-120",IF(T84>60,"61-90",IF(T84>35,"35-60","<35")))) -> 61-90 | V84: =IF(R84>40,"40+ Гб",IF(R84>30,"31-40 Гб",IF(R84>20,"21-30 Гб",IF(R84>10,"10-20 Гб","<10 Гб")))) -> 21-30 Гб
A85: LQHTZ771 | B85: 37809 | C85: мужской | D85: R51 | E85: присвоение нового номера | F85: Комфорт | G85: 42848 | H85: 5 | I85: 22480 | J85: 116000000 | M85: 1 | P85: =IF(G85>$C$3,DATEDIF(G85,$C$2,"D"),DATEDIF($C$3,$C$2,"D")) -> 120 | Q85: =I85/60/P85*30 -> 93.666667 | R85: =J85/1024^2/P85*30 -> 27.656555 | S85: =DATEDIF(B85,$C$2,"Y") -> 18 | T85: =(Q85*7)/30 -> 21.855556 | U85: =IF(T85>120,"120+",IF(T85>90,"91-120",IF(T85>60,"61-90",IF(T85>35,"35-60","<35")))) -> <35 | V85: =IF(R85>40,"40+ Гб",IF(R85>30,"31-40 Гб",IF(R85>20,"21-30 Гб",IF(R85>10,"10-20 Гб","<10 Гб")))) -> 21-30 Гб
A86: SFYXJ970 | B86: 37809 | C86: мужской | D86: R51 | E86: перенос существующего номера | F86: Онлайн | G86: 44314 | H86: 5 | I86: 3824 | J86: 108000000 | P86: =IF(G86>$C$3,DATEDIF(G86,$C$2,"D"),DATEDIF($C$3,$C$2,"D")) -> 120 | Q86: =I86/60/P86*30 -> 15.933333 | R86: =J86/1024^2/P86*30 -> 25.749207 | S86: =DATEDIF(B86,$C$2,"Y") -> 18 | T86: =(Q86*7)/30 -> 3.7177778 | U86: =IF(T86>120,"120+",IF(T86>90,"91-120",IF(T86>60,"61-90",IF(T86>35,"35-60","<35")))) -> <35 | V86: =IF(R86>40,"40+ Гб",IF(R86>30,"31-40 Гб",IF(R86>20,"21-30 Гб",IF(R86>10,"10-20 Гб","<10 Гб")))) -> 21-30 Гб
A87: AYZTL391 | B87: 37805 | C87: женский | D87: R51 | E87: присвоение нового номера | F87: Ультра | G87: 44406 | H87: 5 | I87: 124188 | J87: 196000000 | K87: 1 | P87: =IF(G87>$C$3,DATEDIF(G87,$C$2,"D"),DATEDIF($C$3,$C$2,"D")) -> 120 | Q87: =I87/60/P87*30 -> 517.45 | R87: =J87/1024^2/P87*30 -> 46.730042 | S87: =DATEDIF(B87,$C$2,"Y") -> 18 | T87: =(Q87*7)/30 -> 120.73833 | U87: =IF(T87>120,"120+",IF(T87>90,"91-120",IF(T87>60,"61-90",IF(T87>35,"35-60","<35")))) -> 120+ | V87: =IF(R87>40,"40+ Гб",IF(R87>30,"31-40 Гб",IF(R87>20,"21-30 Гб",IF(R87>10,"10-20 Гб","<10 Гб")))) -> 40+ Гб
A88: ALDCJ504 | B88: 37800 | C88: женский | D88: R51 | E88: присвоение нового номера | F88: Ультра | G88: 43553 | H88: 5 | I88: 90836 | J88: 196000000 | P88: =IF(G88>$C$3,DATEDIF(G88,$C$2,"D"),DATEDIF($C$3,$C$2,"D")) -> 120 | Q88: =I88/60/P88*30 -> 378.48333 | R88: =J88/1024^2/P88*30 -> 46.730042 | S88: =DATEDIF(B88,$C$2,"Y") -> 18 | T88: =(Q88*7)/30 -> 88.312778 | U88: =IF(T88>120,"120+",IF(T88>90,"91-120",IF(T88>60,"61-90",IF(T88>35,"35-60","<35")))) -> 61-90 | V88: =IF(R88>40,"40+ Гб",IF(R88>30,"31-40 Гб",IF(R88>20,"21-30 Гб",IF(R88>10,"10-20 Гб","<10 Гб")))) -> 40+ Гб
A89: XGHDE064 | B89: 37793 | C89: мужской | D89: R51 | E89: присвоение нового номера | F89: Онлайн | G89: 43288 | H89: 5 | I89: 20532 | J89: 156000000 | P89: =IF(G89>$C$3,DATEDIF(G89,$C$2,"D"),DATEDIF($C$3,$C$2,"D")) -> 120 | Q89: =I89/60/P89*30 -> 85.55 | R89: =J89/1024^2/P89*30 -> 37.193298 | S89: =DATEDIF(B89,$C$2,"Y") -> 18 | T89: =(Q89*7)/30 -> 19.961667 | U89: =IF(T89>120,"120+",IF(T89>90,"91-120",IF(T89>60,"61-90",IF(T89>35,"35-60","<35")))) -> <35 | V89: =IF(R89>40,"40+ Гб",IF(R89>30,"31-40 Гб",IF(R89>20,"21-30 Гб",IF(R89>10,"10-20 Гб","<10 Гб")))) -> 31-40 Гб
A90: FOPWQ678 | B90: 37792 | C90: женский | D90: R51 | E90: перенос существующего номера | F90: Премиум | G90: 43030 | H90: 5 | I90: 9740 | J90: 128000000 | K90: 1 | L90: 1 | P90: =IF(G90>$C$3,DATEDIF(G90,$C$2,"D"),DATEDIF($C$3,$C$2,"D")) -> 120 | Q90: =I90/60/P90*30 -> 40.583333 | R90: =J90/1024^2/P90*30 -> 30.517578 | S90: =DATEDIF(B90,$C$2,"Y") -> 18 | T90: =(Q90*7)/30 -> 9.4694444 | U90: =IF(T90>120,"120+",IF(T90>90,"91-120",IF(T90>60,"61-90",IF(T90>35,"35-60","<35")))) -> <35 | V90: =IF(R90>40,"40+ Гб",IF(R90>30,"31-40 Гб",IF(R90>20,"21-30 Гб",IF(R90>10,"10-20 Гб","<10 Гб")))) -> 31-40 Гб
A91: GDVFK555 | B91: 37788 | C91: мужской | D91: R51 | E91: перенос существующего номера | F91: Премиум | G91: 44167 | H91: 5 | I91: 111308 | J91: 112000000 | P91: =IF(G91>$C$3,DATEDIF(G91,$C$2,"D"),DATEDIF($C$3,$C$2,"D")) -> 120 | Q91: =I91/60/P91*30 -> 463.78333 | R91: =J91/1024^2/P91*30 -> 26.702881 | S91: =DATEDIF(B91,$C$2,"Y") -> 18 | T91: =(Q91*7)/30 -> 108.21611 | U91: =IF(T91>120,"120+",IF(T91>90,"91-120",IF(T91>60,"61-90",IF(T91>35,"35-60","<35")))) -> 91-120 | V91: =IF(R91>40,"40+ Гб",IF(R91>30,"31-40 Гб",IF(R91>20,"21-30 Гб",IF(R91>10,"10-20 Гб","<10 Гб")))) -> 21-30 Гб
A92: HBLGZ660 | B92: 37785 | C92: женский | D92: R51 | E92: присвоение нового номера | F92: Комфорт | G92: 43253 | H92: 5 | I92: 9916 | J92: 96000000 | K92: 1 | P92: =IF(G92>$C$3,DATEDIF(G92,$C$2,"D"),DATEDIF($C$3,$C$2,"D")) -> 120 | Q92: =I92/60/P92*30 -> 41.316667 | R92: =J92/1024^2/P92*30 -> 22.888184 | S92: =DATEDIF(B92,$C$2,"Y") -> 18 | T92: =(Q92*7)/30 -> 9.6405556 | U92: =IF(T92>120,"120+",IF(T92>90,"91-120",IF(T92>60,"61-90",IF(T92>35,"35-60","<35")))) -> <35 | V92: =IF(R92>40,"40+ Гб",IF(R92>30,"31-40 Гб",IF(R92>20,"21-30 Гб",IF(R92>10,"10-20 Гб","<10 Гб")))) -> 21-30 Гб
A93: INBWM285 | B93: 37780 | C93: женский | D93: R51 | E93: перенос существующего номера | F93: Комфорт | G93: 43411 | H93: 5 | I93: 44652 | J93: 104000000 | P93: =IF(G93>$C$3,DATEDIF(G93,$C$2,"D"),DATEDIF($C$3,$C$2,"D")) -> 120 | Q93: =I93/60/P93*30 -> 186.05 | R93: =J93/1024^2/P93*30 -> 24.795532 | S93: =DATEDIF(B93,$C$2,"Y") -> 18 | T93: =(Q93*7)/30 -> 43.411667 | U93: =IF(T93>120,"120+",IF(T93>90,"91-120",IF(T93>60,"61-90",IF(T93>35,"35-60","<35")))) -> 35-60 | V93: =IF(R93>40,"40+ Гб",IF(R93>30,"31-40 Гб",IF(R93>20,"21-30 Гб",IF(R93>10,"10-20 Гб","<10 Гб")))) -> 21-30 Гб
A94: EYSMM151 | B94: 37777 | C94: мужской | D94: R51 | E94: присвоение нового номера | F94: Премиум | G94: 43692 | H94: 5 | I94: 50860 | J94: 128000000 | L94: 1 | P94: =IF(G94>$C$3,DATEDIF(G94,$C$2,"D"),DATEDIF($C$3,$C$2,"D")) -> 120 | Q94: =I94/60/P94*30 -> 211.91667 | R94: =J94/1024^2/P94*30 -> 30.517578 | S94: =DATEDIF(B94,$C$2,"Y") -> 18 | T94: =(Q94*7)/30 -> 49.447222 | U94: =IF(T94>120,"120+",IF(T94>90,"91-120",IF(T94>60,"61-90",IF(T94>35,"35-60","<35")))) -> 35-60 | V94: =IF(R94>40,"40+ Гб",IF(R94>30,"31-40 Гб",IF(R94>20,"21-30 Гб",IF(R94>10,"10-20 Гб","<10 Гб")))) -> 31-40 Гб
A95: UXWYV589 | B95: 37777 | C95: мужской | D95: R51 | E95: присвоение нового номера | F95: Онлайн | G95: 43792 | H95: 5 | I95: 18292 | J95: 156000000 | K95: 1 | P95: =IF(G95>$C$3,DATEDIF(G95,$C$2,"D"),DATEDIF($C$3,$C$2,"D")) -> 120 | Q95: =I95/60/P95*30 -> 76.216667 | R95: =J95/1024^2/P95*30 -> 37.193298 | S95: =DATEDIF(B95,$C$2,"Y") -> 18 | T95: =(Q95*7)/30 -> 17.783889 | U95: =IF(T95>120,"120+",IF(T95>90,"91-120",IF(T95>60,"61-90",IF(T95>35,"35-60","<35")))) -> <35 | V95: =IF(R95>40,"40+ Гб",IF(R95>30,"31-40 Гб",IF(R95>20,"21-30 Гб",IF(R95>10,"10-20 Гб","<10 Гб")))) -> 31-40 Гб
A96: SFNVR683 | B96: 37776 | C96: женский | D96: R51 | E96: присвоение нового номера | F96: Онлайн | G96: 43405 | H96: 5 | I96: 34832 | J96: 92000000 | K96: 1 | P96: =IF(G96>$C$3,DATEDIF(G96,$C$2,"D"),DATEDIF($C$3,$C$2,"D")) -> 120 | Q96: =I96/60/P96*30 -> 145.13333 | R96: =J96/1024^2/P96*30 -> 21.934509 | S96: =DATEDIF(B96,$C$2,"Y") -> 18 | T96: =(Q96*7)/30 -> 33.864444 | U96: =IF(T96>120,"120+",IF(T96>90,"91-120",IF(T96>60,"61-90",IF(T96>35,"35-60","<35")))) -> <35 | V96: =IF(R96>40,"40+ Гб",IF(R96>30,"31-40 Гб",IF(R96>20,"21-30 Гб",IF(R96>10,"10-20 Гб","<10 Гб")))) -> 21-30 Гб
A97: OAAFN516 | B97: 37763 | C97: женский | D97: R51 | E97: присвоение нового номера | F97: Комфорт | G97: 44032 | H97: 5 | I97: 14408 | J97: 64000000 | K97: 1 | L97: 1 | M97: 1 | O97: 1 | P97: =IF(G97>$C$3,DATEDIF(G97,$C$2,"D"),DATEDIF($C$3,$C$2,"D")) -> 120 | Q97: =I97/60/P97*30 -> 60.033333 | R97: =J97/1024^2/P97*30 -> 15.258789 | S97: =DATEDIF(B97,$C$2,"Y") -> 18 | T97: =(Q97*7)/30 -> 14.007778 | U97: =IF(T97>120,"120+",IF(T97>90,"91-120",IF(T97>60,"61-90",IF(T97>35,"35-60","<35")))) -> <35 | V97: =IF(R97>40,"40+ Гб",IF(R97>30,"31-40 Гб",IF(R97>20,"21-30 Гб",IF(R97>10,"10-20 Гб","<10 Гб")))) -> 10-20 Гб
A98: JSCFY345 | B98: 37762 | C98: женский | D98: R51 | E98: присвоение нового номера | F98: Комфорт | G98: 44527 | H98: 5 | I98: 56608 | J98: 28000000 | P98: =IF(G98>$C$3,DATEDIF(G98,$C$2,"D"),DATEDIF($C$3,$C$2,"D")) -> 120 | Q98: =I98/60/P98*30 -> 235.86667 | R98: =J98/1024^2/P98*30 -> 6.6757202 | S98: =DATEDIF(B98,$C$2,"Y") -> 18 | T98: =(Q98*7)/30 -> 55.035556 | U98: =IF(T98>120,"120+",IF(T98>90,"91-120",IF(T98>60,"61-90",IF(T98>35,"35-60","<35")))) -> 35-60 | V98: =IF(R98>40,"40+ Гб",IF(R98>30,"31-40 Гб",IF(R98>20,"21-30 Гб",IF(R98>10,"10-20 Гб","<10 Гб")))) -> <10 Гб
A99: QKDGB784 | B99: 37762 | C99: женский | D99: R51 | E99: перенос существующего номера | F99: Онлайн | G99: 43007 | H99: 5 | I99: 10800 | J99: 148000000 | K99: 1 | L99: 1 | P99: =IF(G99>$C$3,DATEDIF(G99,$C$2,"D"),DATEDIF($C$3,$C$2,"D")) -> 120 | Q99: =I99/60/P99*30 -> 45 | R99: =J99/1024^2/P99*30 -> 35.28595 | S99: =DATEDIF(B99,$C$2,"Y") -> 18 | T99: =(Q99*7)/30 -> 10.5 | U99: =IF(T99>120,"120+",IF(T99>90,"91-120",IF(T99>60,"61-90",IF(T99>35,"35-60","<35")))) -> <35 | V99: =IF(R99>40,"40+ Гб",IF(R99>30,"31-40 Гб",IF(R99>20,"21-30 Гб",IF(R99>10,"10-20 Гб","<10 Гб")))) -> 31-40 Гб
A100: KCHOU287 | B100: 37752 | C100: женский | D100: R51 | E100: перенос существующего номера | F100: Комфорт | G100: 43559 | H100: 5 | I100: 27032 | J100: 108000000 | P100: =IF(G100>$C$3,DATEDIF(G100,$C$2,"D"),DATEDIF($C$3,$C$2,"D")) -> 120 | Q100: =I100/60/P100*30 -> 112.63333 | R100: =J100/1024^2/P100*30 -> 25.749207 | S100: =DATEDIF(B100,$C$2,"Y") -> 18 | T100: =(Q100*7)/30 -> 26.281111 | U100: =IF(T100>120,"120+",IF(T100>90,"91-120",IF(T100>60,"61-90",IF(T100>35,"35-60","<35")))) -> <35 | V100: =IF(R100>40,"40+ Гб",IF(R100>30,"31-40 Гб",IF(R100>20,"21-30 Гб",IF(R100>10,"10-20 Гб","<10 Гб")))) -> 21-30 Гб
A101: VNGAJ106 | B101: 37746 | C101: женский | D101: R51 | E101: перенос существующего номера | F101: Онлайн | G101: 42844 | H101: 5 | I101: 20136 | J101: 124000000 | K101: 1 | P101: =IF(G101>$C$3,DATEDIF(G101,$C$2,"D"),DATEDIF($C$3,$C$2,"D")) -> 120 | Q101: =I101/60/P101*30 -> 83.9 | R101: =J101/1024^2/P101*30 -> 29.563904 | S101: =DATEDIF(B101,$C$2,"Y") -> 18 | T101: =(Q101*7)/30 -> 19.576667 | U101: =IF(T101>120,"120+",IF(T101>90,"91-120",IF(T101>60,"61-90",IF(T101>35,"35-60","<35")))) -> <35 | V101: =IF(R101>40,"40+ Гб",IF(R101>30,"31-40 Гб",IF(R101>20,"21-30 Гб",IF(R101>10,"10-20 Гб","<10 Гб")))) -> 21-30 Гб
...

Sheet Результаты опроса
A1: ToolKit Excel. Базовый уровень. Проект
A2: Номер респондента | B2: Возраст | C2: Оцените, насколько вы довольны своим мобильным оператором? | D2: Сколько минут в неделю вы тратите на звонки? | E2: Сколько интернет трафика вы тратите в месяц с вашего мобильного устройства? | F2: Сколько вы готовы заплатить за оптимальный тариф?
A3: 1 | B3: 24 | C3: Полностью удовлетворен | D3: <35 | E3: <10 Гб | F3: 451-550
A4: 2 | B4: 21 | C4: Затрудняюсь ответить | D4: <35 | E4: <10 Гб | F4: 451-550
A5: 3 | B5: 25 | C5: Скорее удовлетворен | D5: <35 | E5: 21-30 Гб | F5: 550+ рублей
A6: 4 | B6: 23 | C6: Скорее удовлетворен | D6: <35 | E6: 40+ Гб | F6: 550+ рублей
A7: 5 | B7: 18 | C7: Полностью удовлетворен | D7: <35 | E7: <10 Гб | F7: 451-550
A8: 6 | B8: 19 | C8: Скорее удовлетворен | D8: <35 | E8: 40+ Гб | F8: до 250 рублей
A9: 7 | B9: 21 | C9: Скорее не удовлетворен | D9: <35 | E9: 21-30 Гб | F9: 451-550
A10: 8 | B10: 24 | C10: Скорее удовлетворен | D10: <35 | E10: 31-40 Гб | F10: 250-350
A11: 9 | B11: 21 | C11: Скорее не удовлетворен | D11: <35 | E11: 10-20 Гб | F11: 250-350
A12: 10 | B12: 22 | C12: Затрудняюсь ответить | D12: <35 | E12: 10-20 Гб | F12: 250-350
A13: 11 | B13: 18 | C13: Затрудняюсь ответить | D13: 91-120 | E13: 21-30 Гб | F13: 550+ рублей
A14: 12 | B14: 18 | C14: Затрудняюсь ответить | D14: 61-90 | E14: 21-30 Гб | F14: до 250 рублей
... A299: 304 | B299: 20 | C299: Затрудняюсь ответить | D299: 35-60 | E299: 21-30 Гб | F299: 250-350

Sheet Свод (Рез. опр.)
A1: Оцените, насколько вы довольны своим мобильным оператором? | B1: (Multiple Items)
A3: Count of Сколько вы готовы заплатить за оптимальный тариф? | B3: Сколько интернет трафика вы тратите в месяц с вашего мобильного устройства?
A4: Сколько минут в неделю вы тратите на звонки? | B4: <10 Гб | C4: 10-20 Гб | D4: 21-30 Гб | E4: 31-40 Гб | F4: 40+ Гб | G4: Grand Total | J4: Row Labels | K4: <10 Гб | L4: 10-20 Гб | M4: 21-30 Гб | N4: 31-40 Гб | O4: 40+ Гб | P4: Grand Total
A5: 91-120 | B5: 4 | C5: 3 | D5: 6 | E5: 2 | F5: 3 | G5: 18 | J5: 91-120 | K5: 4 | L5: 3 | M5: 6 | N5: 2 | O5: 3 | P5: 18
A6: 61-90 | B6: 2 | C6: 1 | D6: 9 | E6: 5 | F6: 3 | G6: 20 | J6: 61-90 | K6: 2 | L6: 1 | M6: 9 | N6: 5 | O6: 3 | P6: 20
A7: 35-60 | B7: 1 | C7: 3 | D7: 4 | E7: 2 | F7: 6 | G7: 16 | J7: 35-60 | K7: 1 | L7: 3 | M7: 4 | N7: 2 | O7: 6 | P7: 16
A8: 120+ | B8: 2 | D8: 5 | E8: 2 | F8: 2 | G8: 11 | J8: 120+ | K8: 2 | M8: 5 | N8: 2 | O8: 2 | P8: 11
A9: <35 | B9: 4 | C9: 12 | D9: 24 | E9: 32 | F9: 8 | G9: 80 | J9: <35 | K9: 4 | L9: 12 | M9: 24 | N9: 32 | O9: 8 | P9: 80
A10: Grand Total | B10: 13 | C10: 19 | D10: 48 | E10: 43 | F10: 22 | G10: 145 | J10: Grand Total | K10: 13 | L10: 19 | M10: 48 | N10: 43 | O10: 22 | P10: 145
J12: Row Labels | K12: <10 Гб | L12: 10-20 Гб | M12: 21-30 Гб | N12: 31-40 Гб | O12: 40+ Гб | P12: Grand Total
J13: <35 минут | K13: =K9/$P$10 -> 0.027586207 | L13: =L9/$P$10 -> 0.082758621 | M13: =M9/$P$10 -> 0.16551724 | N13: =N9/$P$10 -> 0.22068966 | O13: =O9/$P$10 -> 0.055172414 | P13: =P9/$P$10 -> 0.55172414
J14: 35-60 минут | K14: =K7/$P$10 -> 0.0068965517 | L14: =L7/$P$10 -> 0.020689655 | M14: =M7/$P$10 -> 0.027586207 | N14: =N7/$P$10 -> 0.013793103 | O14: =O7/$P$10 -> 0.04137931 | P14: =P7/$P$10 -> 0.11034483
J15: 61-90 минут | K15: =K6/$P$10 -> 0.013793103 | L15: =L6/$P$10 -> 0.0068965517 | M15: =M6/$P$10 -> 0.062068966 | N15: =N6/$P$10 -> 0.034482759 | O15: =O6/$P$10 -> 0.020689655 | P15: =P6/$P$10 -> 0.13793103
J16: 91-120 минут | K16: =K5/$P$10 -> 0.027586207 | L16: =L5/$P$10 -> 0.020689655 | M16: =M5/$P$10 -> 0.04137931 | N16: =N5/$P$10 -> 0.013793103 | O16: =O5/$P$10 -> 0.020689655 | P16: =P5/$P$10 -> 0.12413793
J17: 120+ минут | K17: =K8/$P$10 -> 0.013793103 | L17: =L8/$P$10 -> 0 | M17: =M8/$P$10 -> 0.034482759 | N17: =N8/$P$10 -> 0.013793103 | O17: =O8/$P$10 -> 0.013793103 | P17: =P8/$P$10 -> 0.075862069
J18: Grand Total | K18: =K10/$P$10 -> 0.089655172 | L18: =L10/$P$10 -> 0.13103448 | M18: =M10/$P$10 -> 0.33103448 | N18: =N10/$P$10 -> 0.29655172 | O18: =O10/$P$10 -> 0.15172414 | P18: =SUM(K13:O17) -> 1
R21: Лучший набор | S21: <35 минут + 31-40 ГБ
R22: Лучший набор интернета | S22: 21-30 ГБ
R23: Лучший набор минут | S23: <35 минут

Sheet Сгруппированные данные
A1: ToolKit Excel. Базовый уровень. Проект
A2: ID | B2: Возраст | C2: Принадлежность | D2: Сколько минут в неделю вы тратите на звонки? | E2: Сколько интернет трафика вы тратите в месяц с вашего мобильного устройства? | F2: Сколько вы готовы заплатить за оптимальный тариф? | G2: Сумма, которую готовы платить | H2: Нужные ГБ | I2: Нужные минуты | J2: Готов ли платить за онлайн? | K2: Оцените, насколько вы довольны своим мобильным оператором?
A3: 1 | B3: 24 | C3: Не абонент | D3: <35 | E3: <10 Гб | F3: 451-550 | G3: =IF(F3="550+ рублей",550,IF(F3="451-550",451,IF(F3="351-450",351,IF(F3="250-350",350,250)))) -> 451 | H3: =IF(E3="<10 Гб",10,IF(E3="10-20 Гб",20,IF(E3="21-30 Гб",30,IF(E3="31-40 Гб",40,41)))) -> 10 | I3: =IF(D3="<35",35,IF(D3="35-60",60,IF(D3="61-90",90,IF(D3="91-120",120,121)))) -> 35 | J3: =IF(AND(G3>330,I3<36,H3<41,OR(K3="Скорее не удовлетворен",K3="Абсолютно не уловлетворен",K3="Затрудняюсь ответить")),"Да","Нет") -> Нет | K3: Полностью удовлетворен
A4: 2 | B4: 21 | C4: Не абонент | D4: <35 | E4: <10 Гб | F4: 451-550 | G4: =IF(F4="550+ рублей",550,IF(F4="451-550",451,IF(F4="351-450",351,IF(F4="250-350",350,250)))) -> 451 | H4: =IF(E4="<10 Гб",10,IF(E4="10-20 Гб",20,IF(E4="21-30 Гб",30,IF(E4="31-40 Гб",40,41)))) -> 10 | I4: =IF(D4="<35",35,IF(D4="35-60",60,IF(D4="61-90",90,IF(D4="91-120",120,121)))) -> 35 | J4: =IF(AND(G4>330,I4<36,H4<41,OR(K4="Скорее не удовлетворен",K4="Абсолютно не уловлетворен",K4="Затрудняюсь ответить")),"Да","Нет") -> Да | K4: Затрудняюсь ответить
A5: 3 | B5: 25 | C5: Не абонент | D5: <35 | E5: 21-30 Гб | F5: 550+ рублей | G5: =IF(F5="550+ рублей",550,IF(F5="451-550",451,IF(F5="351-450",351,IF(F5="250-350",350,250)))) -> 550 | H5: =IF(E5="<10 Гб",10,IF(E5="10-20 Гб",20,IF(E5="21-30 Гб",30,IF(E5="31-40 Гб",40,41)))) -> 30 | I5: =IF(D5="<35",35,IF(D5="35-60",60,IF(D5="61-90",90,IF(D5="91-120",120,121)))) -> 35 | J5: =IF(AND(G5>330,I5<36,H5<41,OR(K5="Скорее не удовлетворен",K5="Абсолютно не уловлетворен",K5="Затрудняюсь ответить")),"Да","Нет") -> Нет | K5: Скорее удовлетворен
A6: 4 | B6: 23 | C6: Не абонент | D6: <35 | E6: 40+ Гб | F6: 550+ рублей | G6: =IF(F6="550+ рублей",550,IF(F6="451-550",451,IF(F6="351-450",351,IF(F6="250-350",350,250)))) -> 550 | H6: =IF(E6="<10 Гб",10,IF(E6="10-20 Гб",20,IF(E6="21-30 Гб",30,IF(E6="31-40 Гб",40,41)))) -> 41 | I6: =IF(D6="<35",35,IF(D6="35-60",60,IF(D6="61-90",90,IF(D6="91-120",120,121)))) -> 35 | J6: =IF(AND(G6>330,I6<36,H6<41,OR(K6="Скорее не удовлетворен",K6="Абсолютно не уловлетворен",K6="Затрудняюсь ответить")),"Да","Нет") -> Нет | K6: Скорее удовлетворен
A7: 5 | B7: 18 | C7: Не абонент | D7: <35 | E7: <10 Гб | F7: 451-550 | G7: =IF(F7="550+ рублей",550,IF(F7="451-550",451,IF(F7="351-450",351,IF(F7="250-350",350,250)))) -> 451 | H7: =IF(E7="<10 Гб",10,IF(E7="10-20 Гб",20,IF(E7="21-30 Гб",30,IF(E7="31-40 Гб",40,41)))) -> 10 | I7: =IF(D7="<35",35,IF(D7="35-60",60,IF(D7="61-90",90,IF(D7="91-120",120,121)))) -> 35 | J7: =IF(AND(G7>330,I7<36,H7<41,OR(K7="Скорее не удовлетворен",K7="Абсолютно не уловлетворен",K7="Затрудняюсь ответить")),"Да","Нет") -> Нет | K7: Полностью удовлетворен
A8: 6 | B8: 19 | C8: Не абонент | D8: <35 | E8: 40+ Гб | F8: до 250 рублей | G8: =IF(F8="550+ рублей",550,IF(F8="451-550",451,IF(F8="351-450",351,IF(F8="250-350",350,250)))) -> 250 | H8: =IF(E8="<10 Гб",10,IF(E8="10-20 Гб",20,IF(E8="21-30 Гб",30,IF(E8="31-40 Гб",40,41)))) -> 41 | I8: =IF(D8="<35",35,IF(D8="35-60",60,IF(D8="61-90",90,IF(D8="91-120",120,121)))) -> 35 | J8: =IF(AND(G8>330,I8<36,H8<41,OR(K8="Скорее не удовлетворен",K8="Абсолютно не уловлетворен",K8="Затрудняюсь ответить")),"Да","Нет") -> Нет | K8: Скорее удовлетворен
A9: 7 | B9: 21 | C9: Не абонент | D9: <35 | E9: 21-30 Гб | F9: 451-550 | G9: =IF(F9="550+ рублей",550,IF(F9="451-550",451,IF(F9="351-450",351,IF(F9="250-350",350,250)))) -> 451 | H9: =IF(E9="<10 Гб",10,IF(E9="10-20 Гб",20,IF(E9="21-30 Гб",30,IF(E9="31-40 Гб",40,41)))) -> 30 | I9: =IF(D9="<35",35,IF(D9="35-60",60,IF(D9="61-90",90,IF(D9="91-120",120,121)))) -> 35 | J9: =IF(AND(G9>330,I9<36,H9<41,OR(K9="Скорее не удовлетворен",K9="Абсолютно не уловлетворен",K9="Затрудняюсь ответить")),"Да","Нет") -> Да | K9: Скорее не удовлетворен
A10: 8 | B10: 24 | C10: Не абонент | D10: <35 | E10: 31-40 Гб | F10: 250-350 | G10: =IF(F10="550+ рублей",550,IF(F10="451-550",451,IF(F10="351-450",351,IF(F10="250-350",350,250)))) -> 350 | H10: =IF(E10="<10 Гб",10,IF(E10="10-20 Гб",20,IF(E10="21-30 Гб",30,IF(E10="31-40 Гб",40,41)))) -> 40 | I10: =IF(D10="<35",35,IF(D10="35-60",60,IF(D10="61-90",90,IF(D10="91-120",120,121)))) -> 35 | J10: =IF(AND(G10>330,I10<36,H10<41,OR(K10="Скорее не удовлетворен",K10="Абсолютно не уловлетворен",K10="Затрудняюсь ответить")),"Да","Нет") -> Нет | K10: Скорее удовлетворен
A11: 9 | B11: 21 | C11: Не абонент | D11: <35 | E11: 10-20 Гб | F11: 250-350 | G11: =IF(F11="550+ рублей",550,IF(F11="451-550",451,IF(F11="351-450",351,IF(F11="250-350",350,250)))) -> 350 | H11: =IF(E11="<10 Гб",10,IF(E11="10-20 Гб",20,IF(E11="21-30 Гб",30,IF(E11="31-40 Гб",40,41)))) -> 20 | I11: =IF(D11="<35",35,IF(D11="35-60",60,IF(D11="61-90",90,IF(D11="91-120",120,121)))) -> 35 | J11: =IF(AND(G11>330,I11<36,H11<41,OR(K11="Скорее не удовлетворен",K11="Абсолютно не уловлетворен",K11="Затрудняюсь ответить")),"Да","Нет") -> Да | K11: Скорее не удовлетворен
A12: 10 | B12: 22 | C12: Не абонент | D12: <35 | E12: 10-20 Гб | F12: 250-350 | G12: =IF(F12="550+ рублей",550,IF(F12="451-550",451,IF(F12="351-450",351,IF(F12="250-350",350,250)))) -> 350 | H12: =IF(E12="<10 Гб",10,IF(E12="10-20 Гб",20,IF(E12="21-30 Гб",30,IF(E12="31-40 Гб",40,41)))) -> 20 | I12: =IF(D12="<35",35,IF(D12="35-60",60,IF(D12="61-90",90,IF(D12="91-120",120,121)))) -> 35 | J12: =IF(AND(G12>330,I12<36,H12<41,OR(K12="Скорее не удовлетворен",K12="Абсолютно не уловлетворен",K12="Затрудняюсь ответить")),"Да","Нет") -> Да | K12: Затрудняюсь ответить
A13: 11 | B13: 18 | C13: Не абонент | D13: 91-120 | E13: 21-30 Гб | F13: 550+ рублей | G13: =IF(F13="550+ рублей",550,IF(F13="451-550",451,IF(F13="351-450",351,IF(F13="250-350",350,250)))) -> 550 | H13: =IF(E13="<10 Гб",10,IF(E13="10-20 Гб",20,IF(E13="21-30 Гб",30,IF(E13="31-40 Гб",40,41)))) -> 30 | I13: =IF(D13="<35",35,IF(D13="35-60",60,IF(D13="61-90",90,IF(D13="91-120",120,121)))) -> 120 | J13: =IF(AND(G13>330,I13<36,H13<41,OR(K13="Скорее не удовлетворен",K13="Абсолютно не уловлетворен",K13="Затрудняюсь ответить")),"Да","Нет") -> Нет | K13: Затрудняюсь ответить
A14: 12 | B14: 18 | C14: Не абонент | D14: 61-90 | E14: 21-30 Гб | F14: до 250 рублей | G14: =IF(F14="550+ рублей",550,IF(F14="451-550",451,IF(F14="351-450",351,IF(F14="250-350",350,250)))) -> 250 | H14: =IF(E14="<10 Гб",10,IF(E14="10-20 Гб",20,IF(E14="21-30 Гб",30,IF(E14="31-40 Гб",40,41)))) -> 30 | I14: =IF(D14="<35",35,IF(D14="35-60",60,IF(D14="61-90",90,IF(D14="91-120",120,121)))) -> 90 | J14: =IF(AND(G14>330,I14<36,H14<41,OR(K14="Скорее не удовлетворен",K14="Абсолютно не уловлетворен",K14="Затрудняюсь ответить")),"Да","Нет") -> Нет | K14: Затрудняюсь ответить
... A299: 304 | B299: 20 | C299: Не абонент | D299: 35-60 | E299: 21-30 Гб | F299: 250-350 | G299: =IF(F299="550+ рублей",550,IF(F299="451-550",451,IF(F299="351-450",351,IF(F299="250-350",350,250)))) -> 350 | H299: =IF(E299="<10 Гб",10,IF(E299="10-20 Гб",20,IF(E299="21-30 Гб",30,IF(E299="31-40 Гб",40,41)))) -> 30 | I299: =IF(D299="<35",35,IF(D299="35-60",60,IF(D299="61-90",90,IF(D299="91-120",120,121)))) -> 60 | J299: =IF(AND(G299>330,I299<36,H299<41,OR(K299="Скорее не удовлетворен",K299="Абсолютно не уловлетворен",K299="Затрудняюсь ответить")),"Да","Нет") -> Нет | K299: Затрудняюсь ответить
A300: AXOBV991 | B300: 18 | C300: Абонент | D300: 91-120 | E300: 40+ Гб | F300: =VLOOKUP(VLOOKUP(A300,'Личные данные'!A:V,6,0),'Личные данные'!$X$17:$AA$21,2,0) -> 770
A301: YIWQU824 | B301: 18 | C301: Абонент | D301: <35 | E301: 31-40 Гб | F301: =VLOOKUP(VLOOKUP(A301,'Личные данные'!A:V,6,0),'Личные данные'!$X$17:$AA$21,2,0) -> 330
A302: TVVXJ702 | B302: 18 | C302: Абонент | D302: <35 | E302: 31-40 Гб | F302: =VLOOKUP(VLOOKUP(A302,'Личные данные'!A:V,6,0),'Личные данные'!$X$17:$AA$21,2,0) -> 330
A303: YIZKW418 | B303: 18 | C303: Абонент | D303: <35 | E303: <10 Гб | F303: =VLOOKUP(VLOOKUP(A303,'Личные данные'!A:V,6,0),'Личные данные'!$X$17:$AA$21,2,0) -> 220
A304: MXYOM801 | B304: 18 | C304: Абонент | D304: <35 | E304: 31-40 Гб | F304: =VLOOKUP(VLOOKUP(A304,'Личные данные'!A:V,6,0),'Личные данные'!$X$17:$AA$21,2,0) -> 330
A305: GVTCR352 | B305: 18 | C305: Абонент | D305: 61-90 | E305: 21-30 Гб | F305: =VLOOKUP(VLOOKUP(A305,'Личные данные'!A:V,6,0),'Личные данные'!$X$17:$AA$21,2,0) -> 440
A306: LAXMN110 | B306: 18 | C306: Абонент | D306: <35 | E306: 31-40 Гб | F306: =VLOOKUP(VLOOKUP(A306,'Личные данные'!A:V,6,0),'Личные данные'!$X$17:$AA$21,2,0) -> 330
A307: PUAAG520 | B307: 18 | C307: Абонент | D307: <35 | E307: 21-30 Гб | F307: =VLOOKUP(VLOOKUP(A307,'Личные данные'!A:V,6,0),'Личные данные'!$X$17:$AA$21,2,0) -> 440
A308: FBCVN966 | B308: 18 | C308: Абонент | D308: 91-120 | E308: 31-40 Гб | F308: =VLOOKUP(VLOOKUP(A308,'Личные данные'!A:V,6,0),'Личные данные'!$X$17:$AA$21,2,0) -> 550
A309: EMVOF074 | B309: 18 | C309: Абонент | D309: 91-120 | E309: 21-30 Гб | F309: =VLOOKUP(VLOOKUP(A309,'Личные данные'!A:V,6,0),'Личные данные'!$X$17:$AA$21,2,0) -> 550
A310: FRRVI702 | B310: 18 | C310: Абонент | D310: <35 | E310: 31-40 Гб | F310: =VLOOKUP(VLOOKUP(A310,'Личные данные'!A:V,6,0),'Личные данные'!$X$17:$AA$21,2,0) -> 550
A311: NRQRT304 | B311: 18 | C311: Абонент | D311: <35 | E311: 31-40 Гб | F311: =VLOOKUP(VLOOKUP(A311,'Личные данные'!A:V,6,0),'Личные данные'!$X$17:$AA$21,2,0) -> 330
... A1438: DIWQR122 | B1438: 25 | C1438: Абонент | D1438: 91-120 | E1438: 10-20 Гб | F1438: =VLOOKUP(VLOOKUP(A1438,'Личные данные'!A:V,6,0),'Личные данные'!$X$17:$AA$21,2,0) -> 550

Sheet Свод (Сгруп. дан.)
A3: Count of ID | B3: Сколько интернет трафика вы тратите в месяц с вашего мобильного устройства?
A4: Сколько минут в неделю/Гб в месяц вы тратите? | B4: <10 Гб | C4: 10-20 Гб | D4: 21-30 Гб | E4: 31-40 Гб | F4: 40+ Гб | G4: Grand Total
A5: <35 | B5: 0.088440111 | C5: 0.054317549 | D5: 0.12674095 | E5: 0.25069638 | F5: 0.026462396 | G5: 0.54665738
A6: 120+ | B6: 0.0069637883 | C6: 0.0069637883 | D6: 0.01183844 | E6: 0.011142061 | F6: 0.020194986 | G6: 0.057103064
A7: 35-60 | B7: 0.034818942 | C7: 0.018802228 | D7: 0.056406685 | E7: 0.017409471 | F7: 0.010445682 | G7: 0.13788301
A8: 61-90 | B8: 0.021587744 | C8: 0.027158774 | D8: 0.068245125 | E8: 0.024373259 | F8: 0.0048746518 | G8: 0.14623955
A9: 91-120 | B9: 0.017409471 | C9: 0.015320334 | D9: 0.046657382 | E9: 0.025766017 | F9: 0.0069637883 | G9: 0.11211699
A10: Grand Total | B10: 0.16922006 | C10: 0.12256267 | D10: 0.30988858 | E10: 0.32938719 | F10: 0.068941504 | G10: 1

Sheet Свод (Тариф)
A1: Принадлежность | B1: Не абонент
A2: Сколько минут в неделю вы тратите на звонки? | B2: <35
A3: Сколько интернет трафика вы тратите в месяц с вашего мобильного устройства? | B3: (Multiple Items) | H3: Сколько вы готовы заплатить за оптимальный тариф? | I3: Количество
A4: Оцените, насколько вы довольны своим мобильным оператором? | B4: (Multiple Items) | H4: 220 | I4: 81
H5: 330 | I5: 413
A6: Row Labels | B6: Count of ID | H6: 440 | I6: 369
A7: до 250 рублей | B7: 0.26388889 | H7: 550 | I7: 219
A8: 250-350 | B8: 0.30555556 | H8: 770 | I8: 57
A9: 351-450 | B9: 0.16666667
A10: 451-550 | B10: 0.18055556 | H10: Сколько вы готовы заплатить за оптимальный тариф? | I10: Количество
A11: 550+ рублей | B11: 0.083333333 | H11: 250-350 | I11: 104
A12: Grand Total | B12: 1 | H12: 351-450 | I12: 45
H13: 451-550 | I13: 31
H14: 550+ рублей | I14: 36
H15: до 250 рублей | I15: 81

Sheet Матрица
C4: Доп услуги | D4: Подписка на онлайн-кинотеатр | E4: Подписка на электронную библиотеку | F4: Подписка на TV | G4: Подписка на онлайн-курсы | H4: Фитнес приложение | I4: Итог
C5: Подписка на онлайн-кинотеатр | D5: =IF(D$4=$C5,0,COUNTIFS('Личные данные'!K:K,"=1",'Личные данные'!$K:$K,"=1"))/$K$12 -> 0 | E5: =IF(E$4=$C5,0,COUNTIFS('Личные данные'!L:L,"=1",'Личные данные'!$K:$K,"=1"))/$K$12 -> 0.11877395 | F5: =IF(F$4=$C5,0,COUNTIFS('Личные данные'!M:M,"=1",'Личные данные'!$K:$K,"=1"))/$K$12 -> 0.038314176 | G5: =IF(G$4=$C5,0,COUNTIFS('Личные данные'!N:N,"=1",'Личные данные'!$K:$K,"=1"))/$K$12 -> 0.030651341 | H5: =IF(H$4=$C5,0,COUNTIFS('Личные данные'!O:O,"=1",'Личные данные'!$K:$K,"=1"))/$K$12 -> 0.11685824 | I5: =SUM(D5:H5) -> 0.3045977
C6: Подписка на электронную библиотеку | D6: =IF(D$4=$C6,0,COUNTIFS('Личные данные'!K:K,"=1",'Личные данные'!$L:$L,"=1"))/$K$12 -> 0.11877395 | E6: =IF(E$4=$C6,0,COUNTIFS('Личные данные'!L:L,"=1",'Личные данные'!$L:$L,"=1"))/$K$12 -> 0 | F6: =IF(F$4=$C6,0,COUNTIFS('Личные данные'!M:M,"=1",'Личные данные'!$L:$L,"=1"))/$K$12 -> 0.030651341 | G6: =IF(G$4=$C6,0,COUNTIFS('Личные данные'!N:N,"=1",'Личные данные'!$L:$L,"=1"))/$K$12 -> 0.049808429 | H6: =IF(H$4=$C6,0,COUNTIFS('Личные данные'!O:O,"=1",'Личные данные'!$L:$L,"=1"))/$K$12 -> 0.070881226 | I6: =SUM(D6:H6) -> 0.27011494
C7: Подписка на TV | D7: =IF(D$4=$C7,0,COUNTIFS('Личные данные'!K:K,"=1",'Личные данные'!$M:$M,"=1"))/$K$12 -> 0.038314176 | E7: =IF(E$4=$C7,0,COUNTIFS('Личные данные'!L:L,"=1",'Личные данные'!$M:$M,"=1"))/$K$12 -> 0.030651341 | F7: =IF(F$4=$C7,0,COUNTIFS('Личные данные'!M:M,"=1",'Личные данные'!$M:$M,"=1"))/$K$12 -> 0 | G7: =IF(G$4=$C7,0,COUNTIFS('Личные данные'!N:N,"=1",'Личные данные'!$M:$M,"=1"))/$K$12 -> 0.011494253 | H7: =IF(H$4=$C7,0,COUNTIFS('Личные данные'!O:O,"=1",'Личные данные'!$M:$M,"=1"))/$K$12 -> 0.021072797 | I7: =SUM(D7:H7) -> 0.10153257
C8: Подписка на онлайн-курсы | D8: =IF(D$4=$C8,0,COUNTIFS('Личные данные'!K:K,"=1",'Личные данные'!$N:$N,"=1"))/$K$12 -> 0.030651341 | E8: =IF(E$4=$C8,0,COUNTIFS('Личные данные'!L:L,"=1",'Личные данные'!$N:$N,"=1"))/$K$12 -> 0.049808429 | F8: =IF(F$4=$C8,0,COUNTIFS('Личные данные'!M:M,"=1",'Личные данные'!$N:$N,"=1"))/$K$12 -> 0.011494253 | G8: =IF(G$4=$C8,0,COUNTIFS('Личные данные'!N:N,"=1",'Личные данные'!$N:$N,"=1"))/$K$12 -> 0 | H8: =IF(H$4=$C8,0,COUNTIFS('Личные данные'!O:O,"=1",'Личные данные'!$N:$N,"=1"))/$K$12 -> 0.011494253 | I8: =SUM(D8:H8) -> 0.10344828
C9: Фитнес приложение | D9: =IF(D$4=$C9,0,COUNTIFS('Личные данные'!K:K,"=1",'Личные данные'!$O:$O,"=1"))/$K$12 -> 0.11685824 | E9: =IF(E$4=$C9,0,COUNTIFS('Личные данные'!L:L,"=1",'Личные данные'!$O:$O,"=1"))/$K$12 -> 0.070881226 | F9: =IF(F$4=$C9,0,COUNTIFS('Личные данные'!M:M,"=1",'Личные данные'!$O:$O,"=1"))/$K$12 -> 0.021072797 | G9: =IF(G$4=$C9,0,COUNTIFS('Личные данные'!N:N,"=1",'Личные данные'!$O:$O,"=1"))/$K$12 -> 0.011494253 | H9: =IF(H$4=$C9,0,COUNTIFS('Личные данные'!O:O,"=1",'Личные данные'!$O:$O,"=1"))/$K$12 -> 0 | I9: =SUM(D9:H9) -> 0.22030651
C10: Итог | D10: =SUM(D5:D9) -> 0.3045977 | E10: =SUM(E5:E9) -> 0.27011494 | F10: =SUM(F5:F9) -> 0.10153257 | G10: =SUM(G5:G9) -> 0.10344828 | H10: =SUM(H5:H9) -> 0.22030651 | I10: =SUM(D10:H10) -> 1
K12: 522

Sheet Дополнительные данные
A1: ToolKit Excel. Базовый уровень. Проект
A3: Тарифные планы | F3: Дополнительные услуги
A4: Тариф | B4: Абонентская плата | C4: Звонки | D4: Гб | F4: Подписка на онлайн-кинотеатр
A5: Ультра | B5: 770 | C5: 700 | D5: 50 | F5: Подписка на электронную библиотеку
A6: Премиум | B6: 550 | C6: 500 | D6: 35 | F6: Подписка на TV
A7: Комфорт | B7: 440 | C7: 400 | D7: 30 | F7: Подписка на онлайн-курсы
A8: Онлайн | B8: 330 | C8: 150 | D8: 40 | F8: Фитнес приложение
A9: Базовый | B9: 220 | C9: 200 | D9: 5
A11: Вопросы анкеты
A13: 1. Оцените, насколько вы удолетворены своим сотовым оператором.
A14: Абсолютно не удовлетворен
A15: Скорее не удовлетворен
A16: Затрудняюсь ответить
A17: Скорее удовлетворен
A18: Полностью удовлетворен
A20: 2. Сколько минут в неделю вы тратите на звонки?
A21: до 35 минут
A22: 35-60 минут
A23: 61-90 минут
A24: 91-120 минут
... A39: более 550 рублей
